snapshot_index,snapshot_number,snapshot_file,time_gyr,x_sat_kpc,y_sat_kpc,z_sat_kpc,vx_sat_kms,vy_sat_kms,vz_sat_kms,R_host_kpc,V_3d_kms,V_rad_kms,V_tan_kms,r_tidal_kpc,rhalf_star_kpc,r90_star_kpc,Mstar_tracked_msun,Mstar_inside_rt_msun,Mstar_inside_rhalf_msun,Nstar_tracked,Nstar_inside_rt,Nstar_inside_rhalf,Mgas_tracked_msun,Mgas_inside_rt_msun,Mgas_inside_rhalf_msun,Ngas_tracked,Ngas_inside_rt,Ngas_inside_rhalf,Mdm_tracked_msun,Mdm_inside_rt_msun,Mdm_inside_rhalf_msun,Ndm_tracked,Ndm_inside_rt,Ndm_inside_rhalf,rho_cgm_msun_kpc3,rho_cgm_aperture_msun_kpc3,rho_cgm_density_field_msun_kpc3,N_cgm_for_ram,ram_pressure_radius_kpc,V_rel_cgm_kms,P_ram_msun_kpc3_kms2,P_ram_dyne_cm2,log10_P_ram_dyne_cm2,Mstar_inside_1kpc_msun,Nstar_inside_1kpc,Mstar_inside_3kpc_msun,Nstar_inside_3kpc,Mgas_inside_1kpc_msun,Ngas_inside_1kpc,Mgas_inside_3kpc_msun,Ngas_inside_3kpc,Mdm_inside_1kpc_msun,Ndm_inside_1kpc,Mdm_inside_3kpc_msun,Ndm_inside_3kpc,SFR_tracked_msun_per_yr,SFR_inside_rt_msun_per_yr,SFR_inside_rhalf_msun_per_yr,Mgas_SF_tracked_msun,Mgas_SF_inside_rt_msun,Mgas_SF_inside_rhalf_msun,Ngas_SF_tracked,Ngas_SF_inside_rt,Ngas_SF_inside_rhalf,SFR_inside_1kpc_msun_per_yr,Mgas_SF_inside_1kpc_msun,Ngas_SF_inside_1kpc,SFR_inside_3kpc_msun_per_yr,Mgas_SF_inside_3kpc_msun,Ngas_SF_inside_3kpc,Mstar_young_tracked_msun,Mstar_young_inside_rt_msun,Mstar_young_inside_rhalf_msun,Nstar_young_tracked,Nstar_young_inside_rt,Nstar_young_inside_rhalf,Mstar_young_inside_1kpc_msun,Nstar_young_inside_1kpc,Mstar_young_inside_3kpc_msun,Nstar_young_inside_3kpc,Msat_tracked_msun,Msat_inside_rt_msun,Msat_inside_rhalf_msun,Msat_inside_1kpc_msun,Msat_inside_3kpc_msun,gas_to_star_inside_rt,dm_to_star_inside_rt,orbital_event,t_minus_first_peri_gyr,t_minus_deepest_peri_gyr,t_minus_tperi_gyr,tperi_first_gyr,tperi_deepest_gyr
0,0,../SIMULATIONS/ORBIT/HigherRes/E_high_L_mid/output/snapshot_000.hdf5,0.0,149.78392273929705,79.81366993241522,0.05473307363820322,-156.168041665091,2.484122893256152,1.966722292186648,169.72167927215892,156.20017957938776,-136.65365189139956,75.65894213757667,41.50925276649446,1.652173439958116,7.117228464825479,497386913.63018006,497386913.63018006,248693456.81509003,7584,7584,3792,4673235598.511382,4673235598.511382,131531119.49577579,44554,44554,1254,33759174542.465187,33634991446.85193,1200277381.8312562,70681,70421,2513,,,,0,30.0,156.20017957938776,,,,181601313.79772794,2769,324573817.9793989,4949,99225230.49681331,946,304283714.0492338,2901,556913421.0963967,1166,3008574304.876674,6299,0.5914602831326192,0.5914602831326192,0.2374733558463049,681150789.4781244,681150789.4781244,119363966.49616654,6494,6494,1138,0.22393088398166583,98595894.99683353,940,0.2938046929812117,207366047.24334028,1977,497386913.63018006,497386913.63018006,248693456.81509003,7584,7584,3792,181601313.79772794,2769,324573817.9793989,4949,38929797054.60675,38805613958.99349,1580501958.142122,837739965.3909379,3637431836.905307,9.395574090206267,67.62339443425809,,-0.9011417612012163,-0.9011417612012163,-0.9011417612012163,0.9011417612012163,0.9011417612012163
1,1,../SIMULATIONS/ORBIT/HigherRes/E_high_L_mid/output/snapshot_001.hdf5,0.1909750431640625,117.28138479722323,79.67960492337409,0.23329926788796435,-174.57006658513535,-4.299644628572838,-2.0229307315191045,141.78792998435276,174.6347254706667,-146.8170463389914,94.56237224451161,35.80064865221707,2.084299343204062,6.415326153511056,718178784.8730892,717654115.132973,358885248.01521266,9689,9681,5094,4452443727.268474,4435976138.129263,384838658.2376406,42449,42292,3669,33759174542.465187,33022673260.020382,1996959702.919412,70681,69139,4181,30346.67292382249,457.2545396707704,30346.67292382249,208,22.5,85.27629512069478,220682416.91098058,1.4936028691842392e-13,-12.825764860786292,218353868.24022862,3146,442700409.95797896,6185,99015451.99682005,944,726462945.4766691,6926,615661577.8672858,1289,3383034100.87974,7083,1.6412681568217522,1.6412681568217522,0.41184728549342253,2086876517.9329786,2086876517.9329786,380957755.9877653,19896,19896,3632,0.13325028499093605,99015451.99682005,944,0.6878139548607578,705589984.7273395,6727,146949839.2452806,146949839.2452806,39543247.24873004,1401,1401,377,18145840.249417238,173,61465100.498026006,586,38929797054.60675,38176303513.282616,2740683609.172265,933030898.1043346,4552197456.314388,6.181217448056197,46.01474800141244,,-0.7101667180371538,-0.7101667180371538,-0.7101667180371538,0.9011417612012163,0.9011417612012163
2,2,../SIMULATIONS/ORBIT/HigherRes/E_high_L_mid/output/snapshot_002.hdf5,0.3914988384863281,78.33815388646823,77.61480825616799,0.04270297838400278,-208.197679241351,-24.477587709403277,2.475533367478236,110.27659152569987,209.64625970193103,-165.12606299553408,129.1701882270225,28.511998089874794,2.6506451807474307,6.385867586906147,1075641348.6706152,1073214751.1225777,536659881.47258765,13097,13060,6971,4094981163.4709477,4040858350.0084205,607203868.2304991,39041,38525,5789,33759174542.465187,29461961806.955513,2845703398.706974,70681,61684,5958,838680.3743258661,3680.948150827051,838680.3743258661,147,10.0,120.68641869079877,12215557164.134064,8.267623440246496e-12,-11.082619312106102,265044176.26711076,3611,589099077.7879779,7574,100903458.49675941,962,753419482.7258034,7183,643841588.0256798,1348,3376347318.808257,7069,1.9515863833112235,1.9515863833112235,0.6113710094250564,2510838865.8463807,2510838865.8463807,600386066.9807183,23938,23938,5724,0.13801077462994726,100903458.49675941,962,0.7279164706487791,741986554.4761705,7074,192891330.55281126,192891330.55281126,65450891.997898,1839,1839,624,18984954.24939029,181,75625149.24757124,721,38929797054.60675,34576034908.08651,3989567148.410061,1009789222.7895501,4718865879.322039,3.7651908397473117,27.452065652413403,,-0.5096429227148882,-0.5096429227148882,-0.5096429227148882,0.9011417612012163,0.9011417612012163
3,3,../SIMULATIONS/ORBIT/HigherRes/E_high_L_mid/output/snapshot_003.hdf5,0.5824738816503906,40.48325093474529,70.6571898646294,0.14654389944834195,-250.46765726418505,-47.014126459366075,-5.216047340503069,81.43312324187443,254.89523842552435,-165.31842232740593,194.0139216942495,21.365411735150897,5.916921459323605,9.855227698267512,1431530573.7181916,1425955957.7294567,712984939.5187193,16490,16405,8208,3739616384.6733546,3633363617.5913854,1253950983.3277407,35653,34640,11955,33759174542.465187,23693657015.71951,4483009751.638746,70681,49607,9386,1368774.1360347203,14273.064161532873,1368774.1360347203,570,10.0,44.87253739725071,2756087787.297792,1.8653505269937963e-12,-11.729239545820468,12914628.587168412,125,135417608.9989778,1366,18145840.249417238,173,353266993.7976607,3368,18149837.051169015,38,543539856.9534299,1138,1.8002642883911903,1.8002642883911903,0.8215533132060955,2346057854.674655,2346057854.674655,1021411516.4671967,22367,22367,9738,0.010876772514166078,17306726.249444187,165,0.20500537233237992,288235658.99074316,2748,179150838.80325258,179150838.80325258,82442950.3063584,1708,1708,786,1992895.7499359967,19,19089843.49938692,182,38930321500.856735,28752976591.04035,6449945674.485207,49210305.887754664,1032224459.7500684,2.5480195218488895,16.615980940566224,,-0.31866787955082565,-0.31866787955082565,-0.31866787955082565,0.9011417612012163,0.9011417612012163
4,4,../SIMULATIONS/ORBIT/HigherRes/E_high_L_mid/output/snapshot_004.hdf5,0.7829976769726562,-12.084621299876934,45.37816558448945,-0.7893911214888738,-259.439626785785,-155.55281217096646,-3.0740085763994505,46.96636160186849,302.5145398981199,-83.4862420491584,290.76639117731696,13.170636381215722,4.715337768835831,8.860621404383462,1797489166.9564385,1781947166.846294,890997352.4714587,19979,19760,10287,3375545797.9350467,2989343624.5220075,980609598.218507,32182,28500,9349,33759174542.465187,16717910433.289944,4212672705.0344925,70681,35002,8820,3093721.813006824,6059.788256456052,3093721.813006824,242,10.0,74.3037290013414,17080574697.334322,1.1560320814115966e-11,-10.93703011350485,15209611.719910754,154,241091340.10359412,2520,25802755.49917133,246,427318804.4862763,4074,42508828.88300112,89,1133887188.4072433,2374,1.823206643202866,1.8091761666692037,0.7286165590376186,2448115094.539389,2423780788.5401707,906348009.220892,23340,23108,8641,0.01829129972247756,25802755.49917133,246,0.302203712224582,405921397.48696357,3870,179675285.24422958,179360617.4942397,80450054.74741629,1713,1710,767,1992895.7499359967,19,30522771.74901974,291,38932209507.356674,21489201224.658245,6084279655.724459,83521196.1020832,1802297332.9971137,1.6775714118463874,9.381821607470805,,-0.11814408422856004,-0.11814408422856004,-0.11814408422856004,0.9011417612012163,0.9011417612012163
5,5,../SIMULATIONS/ORBIT/HigherRes/E_high_L_mid/output/snapshot_005.hdf5,0.9739727201367188,-32.11490603059731,25.732698169834837,-1.805832484539764,-152.12575172233736,-231.728727217258,0.9877890968528938,41.19223197905323,277.20285547251575,-26.201176851806714,275.9618115132904,0.05,34.90725244420596,39.72450731289829,2175195356.0033145,0.0,1087621274.018602,23580,0,11755,3006545416.637891,0.0,1573443637.4805226,28664,0,15001,33759174542.465187,0.0,12945132463.100891,70681,0,27103,4429.016235509337,3856.2245588110013,4429.016235509337,154,10.0,277.6874552152387,341522871.53532594,2.31146435659606e-13,-12.636112799112336,0.0,0,0.0,0,0.0,0,0.0,0,0.0,0,2865763.7449214235,6,1.8096896738643409,0.0,0.9533855182235129,2225120549.237545,0.0,1166473349.021544,21214,0,11121,0.0,0.0,0,0.0,0.0,0,206841600.99335712,0.0,110343490.99645624,1972,0,1052,0.0,0,0.0,0,38940915315.10639,0.0,15606197374.600016,0.0,2865763.7449214235,,,pericentre,0.07283095893550251,0.07283095893550251,0.07283095893550251,0.9011417612012163,0.9011417612012163
6,6,../SIMULATIONS/ORBIT/HigherRes/E_high_L_mid/output/snapshot_006.hdf5,1.1744965154589844,-71.49180301350317,-50.46946786707142,-0.06178398766223457,-52.059590727165265,-222.25588456497366,2.4086242461968452,87.51142155266379,228.28421031950108,170.70710485657895,151.56769125602978,21.870799382311088,2.6937788015701125,6.321212633064491,2515036525.9924006,2481100719.0510283,1240629781.8233724,26820,26441,13759,2675514943.6485224,2350358313.542529,592519373.2309709,25508,22408,5649,33759174542.465187,21464570449.461464,3109831290.5305653,70681,44940,6511,7293406.57624903,6685.803411008945,7293406.57624903,267,10.0,23.796939068971643,4130214637.7348022,2.79537469256369e-12,-11.55355997095954,515433207.1197132,6069,1362164268.5302505,15014,104994139.24662805,1001,711358893.4771543,6782,693992453.5618048,1453,3581249426.570139,7498,1.7007468708834494,1.678061003658513,0.6251075146828953,1996357094.9948916,1957757850.9961314,588848249.4810886,19033,18665,5614,0.15351911106699845,104994139.24662805,1001,0.72711804800565,706009541.727326,6731,170025474.24453953,166039682.74466753,72583360.99766894,1621,1583,692,20768071.499333024,198,83701621.49731186,798,38949726012.10611,26296029482.055023,4942980445.5849085,1314419799.928146,5654772588.577543,0.9473046763057222,8.651228982623179,,0.2733547542577681,0.2733547542577681,0.2733547542577681,0.9011417612012163,0.9011417612012163
7,7,../SIMULATIONS/ORBIT/HigherRes/E_high_L_mid/output/snapshot_007.hdf5,1.3654715586230468,-78.31014053806207,-89.43998649832912,0.3398877714574202,-20.42715302621976,-196.48260071582214,2.3140415473283675,118.87852968307404,197.55514610632787,161.28935094500966,114.07796029395891,27.629229969756935,3.1181361810821437,6.811910658188095,2813761109.982806,2767330678.4345183,1383746358.0239272,29668,29174,15059,2388433066.4077425,2095792103.8007045,596190496.789859,22771,19981,5684,33759174542.465187,21609291518.579994,3071143479.974126,70681,45243,6430,5404561.238313343,7562.220104216953,5404561.238313343,302,10.0,33.371740033830335,6018914105.6881275,4.073667265143118e-12,-11.39001444681687,99216896.44215803,1010,1324401521.3786044,14443,40487250.498699725,386,555283689.2911727,5294,156661751.38903782,328,2869584763.247986,6008,1.3551733320236963,1.3164493870717706,0.570493425559107,1641516762.2562876,1580051661.7582617,570912187.5406709,15650,15064,5443,0.037297939517884515,40487250.498699725,386,0.537699686781707,533047168.2918869,5082,147579174.7452604,138978256.24553663,64926445.74791484,1407,1325,619,4090680.749868625,39,61884657.498012535,590,38961368718.855736,26472414300.815216,5051080334.787912,296365898.3298956,4749269973.917763,0.757333454990748,7.8087131714972315,,0.46432979742183056,0.46432979742183056,0.46432979742183056,0.9011417612012163,0.9011417612012163
8,8,../SIMULATIONS/ORBIT/HigherRes/E_high_L_mid/output/snapshot_008.hdf5,1.5659953539453124,-77.90559305556901,-126.50678775701189,0.21574077085510363,4.607554950650144,-161.2393630017347,0.7241994529395521,148.57084277211928,161.30680769476552,134.8789266979811,88.47350643823671,32.717284824828106,2.65641726100995,6.276118801000396,3094654521.4737854,3025646399.501056,1512899125.1094701,32346,31633,16396,2122433928.416285,1848568141.558644,505985741.79275596,20235,17624,4824,33759174542.465187,21221935785.72478,3120816718.21943,70681,44432,6534,5526972.224393271,6510.520619524527,5526972.224393271,260,10.0,13.666228830196276,1032249446.764243,6.986377786603815e-13,-12.155747933699624,632098342.7121973,7209,1674933219.3830924,18027,114643950.24631813,1093,595980718.2898657,5682,744143319.0979297,1558,3638564701.468567,7618,1.1818750010206713,1.1437924252204539,0.5491724174862611,1441492962.5127115,1381496311.5146384,503363510.54284024,13743,13171,4799,0.17749115046171937,114643950.24631813,1093,0.6166222085157642,590316698.7900476,5628,137300028.2455905,124923096.74598801,61884657.498012535,1309,1191,590,24124527.49922523,230,68807347.9977902,656,38976262992.355255,26096150326.78448,5139701585.121656,1490885612.0564451,5909478639.141525,0.6109663514756655,7.014017166455532,,0.6648535927440962,0.6648535927440962,0.6648535927440962,0.9011417612012163,0.9011417612012163
9,9,../SIMULATIONS/ORBIT/HigherRes/E_high_L_mid/output/snapshot_009.hdf5,1.7569703971093749,-75.67451309206878,-155.6641670542757,0.32153772732373864,14.760807017819662,-140.55256643229671,-0.7422680937106304,173.08399181591935,141.32747898567158,119.95183616974596,74.73294665642368,36.770563183078295,2.672476904200568,6.041780644670526,3322788640.2164583,3237968296.1891375,1619045928.8463898,34521,33655,17393,1905313180.9232583,1653369247.314913,475777637.7937262,18165,15763,4536,33759174542.465187,20844610225.976795,3108398408.6581044,70681,43642,6508,6761776.164071628,6034.751805020812,6761776.164071628,241,10.0,3.3964698740653665,78003901.25496998,5.2793898287322125e-14,-13.277416268626702,678289588.7135963,7658,1790585862.8273563,19118,109294598.49648993,1042,552976125.7912469,5272,753695864.9143343,1578,3603697909.2386904,7545,1.069492639573582,1.0321203002495167,0.5042620935782907,1312898742.0168414,1254580319.0187144,472945628.0438171,12517,11961,4509,0.16907351303234464,109294598.49648993,1042,0.5614608284231508,547731663.2914155,5222,115168396.4963013,107301702.74655393,54961966.99823485,1098,1023,524,20033846.749356605,191,60730875.74804959,579,38987276363.604904,25735947769.480846,5203221975.298221,1541280052.1244206,5947259897.857294,0.5106193440068,6.43755846853394,,0.8558286359081586,0.8558286359081586,0.8558286359081586,0.9011417612012163,0.9011417612012163
10,10,../SIMULATIONS/ORBIT/HigherRes/E_high_L_mid/output/snapshot_010.hdf5,1.9574941924316405,-71.58465277177321,-182.81178561676217,0.387716370874176,24.295495479398056,-124.30162274960539,1.1524055407410407,196.32794451332848,126.65896161466426,106.8878088680595,67.95210719830679,40.60316767655873,2.659639314192637,5.86750828073372,3532881807.959711,3427306419.7805076,1713696455.3264987,36524,35459,18310,1709275172.679554,1474113519.0706701,428367696.79524875,16296,14054,4084,33759174542.465187,20652126427.776237,3160459783.3575096,70681,43239,6617,6037161.746107689,5584.023454438347,6037161.746107689,223,10.0,3.978570276627407,95562362.75249025,6.467765814379321e-14,-13.189245713466326,730525776.1527172,8174,1910724923.8459191,20284,105728363.80561057,1008,497175044.79303896,4740,765636547.1848403,1603,3688715567.004692,7723,0.8859698727974319,0.8496057981792546,0.4492045720835449,1089379750.27402,1032005330.5258625,425221019.29534984,10386,9839,4054,0.16183946377714165,105728363.80561057,1008,0.49802280716539826,491615914.54321754,4687,98281227.24684364,89155862.4971367,46675716.24850098,937,850,445,17936061.749423973,171,51605510.99834265,492,39001331523.104454,25553546366.627415,5302523935.479258,1601890687.143168,6096615535.64365,0.43010846960251536,6.025760144638262,,1.0563524312304242,1.0563524312304242,1.0563524312304242,0.9011417612012163,0.9011417612012163
11,11,../SIMULATIONS/ORBIT/HigherRes/E_high_L_mid/output/snapshot_011.hdf5,2.148469235595703,-66.45745716666663,-205.2665953419077,0.4955069147922827,27.86744158248387,-108.09035478714932,0.23202498090420393,215.75730417165585,111.62514472087697,94.25152422625806,59.806547425711,43.79178543418021,2.6065130948796673,5.850415381211746,3704061063.7632203,3579120469.8671207,1789570464.7344244,38156,36906,19030,1551626630.1256108,1327583237.0163698,363651029.73832107,14793,12657,3467,33759174542.465187,20555645715.030552,3153773001.2860265,70681,43037,6603,5303588.8561389055,5233.45695954087,5303588.8561389055,209,10.0,6.500959828366749,224142811.01329476,1.5170231970566202e-13,-12.819007778292596,781134950.8301646,8658,2013634528.7392032,21267,104259914.49665162,994,430570371.23617196,4105,819130803.7567068,1715,3729791514.015233,7809,0.7600848773799953,0.7231831886383588,0.38408335424537654,950296604.9694805,894495523.9712726,360609241.48841876,9060,8528,3438,0.1604382554141921,104259914.49665162,994,0.4287502320839849,423962348.48638415,4042,87058077.30621019,77618044.80651335,41221475.05768226,830,740,393,20138735.808359344,192,45521934.30754414,434,39014862236.35402,25462349421.914043,5306994495.758772,1704525669.083523,6173996413.990608,0.3709244347021541,5.7432114644058645,,1.2473274743944867,1.2473274743944867,1.2473274743944867,0.9011417612012163,0.9011417612012163
12,12,../SIMULATIONS/ORBIT/HigherRes/E_high_L_mid/output/snapshot_012.hdf5,2.3489930309179687,-60.309451916771145,-226.09689278238685,0.6965601707162061,31.794196835639333,-94.3763496181347,0.6900108943737819,234.00324808092492,99.59037320294631,82.99538407647698,55.045514410351345,46.770657129497906,2.5957898507246915,5.782679842678324,3856150476.2583356,3709786197.177891,1854941851.5158324,39606,38151,19642,1414955937.38,1195632560.5206075,303759267.9902445,13490,11399,2896,33759174542.465187,20503584340.331146,3098368235.5508795,70681,42928,6487,4754372.50822261,5058.173712092133,4754372.50822261,202,10.0,16.11566341849793,1234779989.4934525,8.357126774910445e-13,-12.077943009676018,826093804.0166366,9096,2097296844.513039,22065,94190546.496975,898,362811915.738348,3459,804801985.0320998,1685,3749374232.938862,7850,0.6448523423496226,0.6106216055814002,0.31034717537477263,837750439.723095,786459596.4747424,300297922.74035573,7987,7498,2863,0.14009916684153723,94190546.496975,898,0.3489392028131988,357252785.4885266,3406,72583360.99766894,62513992.99799232,34928120.24887826,692,596,333,16257833.74947787,155,38599243.99876036,368,39030280956.10352,25409003098.029644,5257069355.056956,1725086335.5457115,6209482993.1902485,0.32229150063422773,5.526891106535637,,1.4478512697167525,1.4478512697167525,1.4478512697167525,0.9011417612012163,0.9011417612012163
13,13,../SIMULATIONS/ORBIT/HigherRes/E_high_L_mid/output/snapshot_013.hdf5,2.539968074082031,-53.751460726311706,-243.4682714624288,0.9006118889661913,33.74974870228551,-84.62857036449249,1.4444115706998406,249.33276928813365,91.12149463321403,75.36744712285676,51.21400880983876,49.280049880408995,2.5697610669759507,5.7845934955134455,3978766009.5043974,3816183202.206958,1908146979.8311448,40775,39165,20150,1303983110.8835642,1086233072.774121,269880040.24133265,12432,10356,2573,33759174542.465187,20501673831.167862,3088815689.7344747,70681,42924,6467,3809587.8979079984,4707.607217194659,3809587.8979079984,188,10.0,3.6686850795024135,51274196.72469806,3.470294027730288e-14,-13.459633727165597,848068213.6359974,9307,2168844117.2500463,22743,79715829.99743986,760,327988684.7394664,3127,794294184.6340545,1663,3757016269.5919857,7866,0.5464207817385613,0.510987709305482,0.2652315986197209,724260271.2267399,671186310.7284443,268306701.49138314,6905,6399,2558,0.11272519891645061,79715829.99743986,760,0.3017143953766208,323373557.7396146,3083,60625986.498052955,52339735.748319075,28529875.999083742,578,499,272,14264937.999541871,136,32515667.49895574,310,39041923662.85315,25404090106.14894,5266842709.8069515,1722078228.2674918,6253849071.581498,0.2846386075348625,5.372298116953983,,1.638826312880815,1.638826312880815,1.638826312880815,0.9011417612012163,0.9011417612012163
14,14,../SIMULATIONS/ORBIT/HigherRes/E_high_L_mid/output/snapshot_014.hdf5,2.7404918694042966,-46.26291866725044,-259.42197189154854,1.025792209821819,36.674752745975724,-71.52580537238265,1.1358514513343727,263.5167345603876,80.38823596563067,63.98018533093469,48.67036435743179,51.59291059046899,2.521154509983813,5.70876897464502,4087116604.750918,3905653732.454084,1952909305.355206,41808,40018,20588,1208429004.136633,997601656.5269674,232539467.24253184,11521,9511,2217,33759174542.465187,20505972476.785244,3013828205.075697,70681,42933,6310,3969305.2123979786,4482.243041903425,3969305.2123979786,179,10.0,2.620736102117655,27262211.155953858,1.845136435100063e-14,-13.73397151523914,890694119.0980432,9734,2255117648.5285397,23594,73107807.24765208,697,282991196.49091154,2698,806234866.9045606,1688,3774210852.061515,7902,0.45953326291783014,0.42658435280100093,0.2242970459483331,610035877.9804082,561157487.4819779,228239007.99266994,5816,5350,2176,0.1015068606211571,73107807.24765208,697,0.2520245574123692,271033821.9912956,2584,52444624.99831571,43319260.248608775,23285413.499252178,500,413,222,12167152.999609247,116,26536980.249147747,253,39054720151.35274,25409227865.766296,5199276977.673435,1770036793.2502558,6312319697.080966,0.25542501329223904,5.250330388070653,,1.8393501082030803,1.8393501082030803,1.8393501082030803,0.9011417612012163,0.9011417612012163
15,15,../SIMULATIONS/ORBIT/HigherRes/E_high_L_mid/output/snapshot_015.hdf5,2.9314669125683595,-38.98656591183036,-272.8599861753807,0.9966926228589296,39.03924663862752,-62.24327097432734,0.2476185946924029,275.63294029090736,73.47345693965657,56.09612072725494,47.450754620098586,53.56488487392736,2.565909418237814,5.729282475874957,4176901802.7480345,3979495764.4517126,1989802925.9093163,42664,40722,20924,1129866955.889156,925857409.5292715,205687819.2433942,10772,8827,1961,33759174542.465187,20513614513.43837,3037709569.6167088,70681,42949,6360,3085450.2749675666,4181.757474848448,3085450.2749675666,167,10.0,8.994635269065881,249623614.08303022,1.6894800747127476e-13,-12.772246925814704,902374790.439353,9827,2275124546.622464,23775,64926445.74791484,619,246070180.49209726,2346,802413848.5779986,1680,3683461666.80567,7712,0.3760427923880343,0.3461364351423981,0.1871602208011609,512803543.233531,468225611.9849626,200338467.49356598,4889,4464,1910,0.08436455926130293,64926445.74791484,619,0.20745373978206771,232644356.49252844,2218,49507725.998410024,40801918.24868962,23704970.4992387,472,389,226,12901377.749585666,123,26432090.999151114,252,39065943301.10238,25418967687.419353,5233200314.769419,1769715084.7652664,6204656393.920231,0.23265696568892677,5.15482757807752,,2.030325151367143,2.030325151367143,2.030325151367143,0.9011417612012163,0.9011417612012163
16,16,../SIMULATIONS/ORBIT/HigherRes/E_high_L_mid/output/snapshot_016.hdf5,3.131990707890625,-31.011299056516133,-285.03087340129383,1.155854498971472,39.790291595349316,-54.224673624231166,1.048126471734945,286.71525153137543,67.2657498582902,49.60660047394364,45.42979521653828,55.370943335757374,2.5396708605877305,5.671976146007737,4261337648.9953227,4047214914.4170547,2023683494.5990267,43469,41368,21265,1055710256.1415377,861979856.281323,171389034.49449572,10065,8218,1634,33759174542.465187,20532719605.07118,3092159080.770216,70681,42989,6474,3136046.196983642,4106.6360830847025,3136046.196983642,164,10.0,7.3391027655379775,168915066.88997692,1.1432357506628515e-13,-12.94186420297773,940004870.4537767,10200,2319597811.9201756,24202,55066856.248231485,525,211037170.9932224,2012,834414877.0629545,1747,3788062043.4953017,7931,0.3326688109191309,0.3022887881961651,0.14929810314060887,475148302.4847403,429311700.2362124,165200568.74469447,4530,4093,1575,0.06898931439354783,55066856.248231485,525,0.16801660794590134,195933118.99370748,1868,39018800.99874689,30312993.249026477,15628498.24949808,372,289,149,7447136.74976083,71,17936061.749423973,171,39076222447.60205,25441914375.769554,5287231609.863739,1829486603.7649627,6318697026.408699,0.2129809942167302,5.073296091079619,,2.2308489466894086,2.2308489466894086,2.2308489466894086,0.9011417612012163,0.9011417612012163
17,17,../SIMULATIONS/ORBIT/HigherRes/E_high_L_mid/output/snapshot_017.hdf5,3.3229657510546873,-23.379267928756914,-295.00432721475687,1.2751147171024748,39.95839969784944,-47.81431496566129,0.4825000872175784,295.93203470029687,62.314646981128924,44.50970284930768,43.61194309646214,56.8812586492074,2.5438463787514394,5.658612744289234,4331928114.243055,4102386659.9152822,2051254551.8886328,44142,41894,21505,994769601.8934948,807437446.2830746,155236089.9950145,9484,7698,1480,33759174542.465187,20566631142.719418,3090248571.6069355,70681,43060,6470,2651093.6807543505,4081.5956191634546,2651093.6807543505,163,10.0,5.120476602569493,69509769.2118994,4.704497629872633e-14,-13.32748674592913,949248151.80093,10287,2338279784.826227,24361,50032172.248393185,477,189744653.24390623,1809,845400304.7518198,1770,3791883061.8218637,7939,0.2849853576917667,0.2505353691194614,0.131364624001435,405921397.48696357,354945221.98860073,149047624.24521324,3870,3384,1421,0.06125165064440807,50032172.248393185,477,0.14609929697326152,173486819.49442834,1654,36081901.998841204,27690761.99911069,14474716.499535134,344,264,138,6922690.499777673,66,15733387.499494711,150,39085872258.60174,25476455248.917774,5296739213.490583,1844680628.8011432,6319907499.891996,0.1968213903805325,5.013333175947909,,2.421823989853471,2.421823989853471,2.421823989853471,0.9011417612012163,0.9011417612012163
18,18,../SIMULATIONS/ORBIT/HigherRes/E_high_L_mid/output/snapshot_018.hdf5,3.523489546376953,-15.156795184442922,-303.68228734138654,1.4391354117413628,40.765820440181756,-37.76314199096926,0.8549189560690413,304.0636959518399,55.57551525278639,35.68774778012324,42.60308150820784,58.202935162391334,2.535598289498357,5.573060441162521,4394546996.491044,4150281741.6312613,2075169077.3977318,44739,42351,21730,939702745.6452632,759817726.7846041,137404917.49558717,8959,7244,1310,33759174542.465187,20587169116.224686,3071621107.264946,70681,43103,6431,2471876.441719499,3906.3123717147173,2471876.441719499,156,10.0,4.303587109400487,45781282.47840243,3.098527550215245e-14,-13.50884463801575,963224253.2552483,10415,2393792923.4307375,24897,45521934.49853803,434,167613021.494617,1598,815787412.7209651,1708,3799525098.474987,7955,0.244024448638811,0.21204502761975164,0.11171768436906859,349176313.238786,302710375.49027824,128174663.49588358,3329,2886,1222,0.05390546910348348,45521934.49853803,434,0.12234896765221492,146110725.24530753,1393,30627660.99901637,23390302.74924881,13740491.749558713,292,223,131,6398244.249794516,61,15838276.749491341,151,39093424284.601494,25497268584.64055,5284195102.158265,1824533600.4747515,6360931043.400341,0.18307617990434524,4.960426881316479,,2.622347785175737,2.622347785175737,2.622347785175737,0.9011417612012163,0.9011417612012163
19,19,../SIMULATIONS/ORBIT/HigherRes/E_high_L_mid/output/snapshot_019.hdf5,3.7144645895410155,-7.145353238705979,-310.43689687494935,1.5796804161618567,41.585736950325405,-30.3271254030592,-0.33612250487386974,310.52313666532325,51.47058413553144,29.360076201822334,42.27537056816896,59.256427345117196,2.5186034225118425,5.639573765742216,4445313393.489414,4187727203.8800583,2093865865.5722976,45223,42708,21912,896383485.3966547,723106489.285783,122405754.74606887,8546,6894,1167,33759174542.465187,20609139971.602417,3037709569.6167088,70681,43149,6360,2209169.3138569896,3856.2314438722206,2209169.3138569896,154,10.0,11.679904006031835,301375225.93962455,2.0397406756064672e-13,-12.690425043511384,977017524.8650048,10551,2423712861.354943,25186,40277471.99870646,384,153872529.74505827,1467,825817585.8281902,1729,3811943408.0363135,7981,0.2053768742698594,0.1769383758692129,0.09436998733144719,297046355.99046016,256139548.4917739,111602161.99641582,2832,2442,1064,0.04643637069602846,40277471.99870646,384,0.10587896145807463,130901783.995796,1248,23600081.249242067,16257833.74947787,10174257.249673247,225,155,97,5768908.749814727,55,11223149.749639563,107,39100871421.35126,25519973664.768257,5253981189.935076,1843112582.6919014,6389528799.136314,0.17267277787717467,4.921318645710115,,2.8133228283397993,2.8133228283397993,2.8133228283397993,0.9011417612012163,0.9011417612012163
20,20,../SIMULATIONS/ORBIT/HigherRes/E_high_L_mid/output/snapshot_020.hdf5,3.914988384863281,1.135199331522039,-316.01210455023335,1.7138129253729184,41.15751386307157,-23.95976188265929,1.0702439483676944,316.01879066684165,47.635664779361264,24.112904619116534,41.081922907783515,60.16316156358561,2.5258642925234143,5.654003720891603,4487059314.988073,4219574230.3465524,2109835309.7568178,45621,43012,22065,859147801.6478504,691744603.5367901,109504376.99648318,8191,6595,1044,33759174542.465187,20643051509.250652,3059202797.7036195,70681,43220,6405,2391653.4772260515,3705.988660344731,2391653.4772260515,148,10.0,3.3138271256328697,26263823.600252137,1.777564467263792e-14,-13.750174639673176,976479157.3070397,10535,2428538437.134194,25241,37340572.998800784,356,134887575.495668,1286,833459622.4813141,1745,3784241025.16874,7923,0.16961920729954727,0.14505307265426381,0.08147187603753991,245860401.992104,210198056.99324936,97966559.49685374,2344,2004,934,0.041314431742648594,37340572.998800784,356,0.08709769488632446,107616370.49654382,1026,19194732.749383554,14474716.499535134,7971582.999743987,183,138,76,4720016.249848413,45,9020475.499710307,86,39105381659.10111,25554370343.133995,5278542484.456921,1847279352.7871547,6347667037.798601,0.16393706231350677,4.892211958445685,,3.0138466236620647,3.0138466236620647,3.0138466236620647,0.9011417612012163,0.9011417612012163
21,21,../SIMULATIONS/ORBIT/HigherRes/E_high_L_mid/output/snapshot_021.hdf5,4.105963428027343,9.07854269718557,-319.84791375425783,1.8285369734162193,39.34386107200786,-15.172651480370654,-0.4878800861132261,319.9819548317044,42.17092344230412,16.2797734662729,38.901873474982054,60.80467494602837,2.507947446972859,5.583165173620109,4521672767.486961,4246006321.345703,2123024630.0910947,45951,43264,22184,829883700.8987904,665941848.0376189,100588790.74676952,7912,6349,959,33759174542.465187,20652126427.776237,3049650251.8872147,70681,43239,6385,1921955.338676686,3831.190979950972,1921955.338676686,153,10.0,8.092806927495875,125875628.03467508,8.519400948413482e-14,-13.069590942081314,987937693.2713058,10636,2454051909.298869,25473,34613452.498888366,330,124398650.49600485,1186,860684378.0580676,1802,3785196279.75038,7925,0.15525936628546333,0.13176923714854638,0.07210151138497167,226141222.9927373,192996219.99380177,86638520.49721754,2156,1840,826,0.03821731245261617,34613452.498888366,330,0.07747542700599297,95868774.4969211,914,18250729.49941387,13425823.99956882,7342247.499764198,174,128,70,4090680.749868625,39,8076472.249740618,77,39110731010.85094,25564074597.15956,5273263672.725079,1883235523.8282619,6363646839.545254,0.15683957998125622,4.863894413899714,,3.204821666826127,3.204821666826127,3.204821666826127,0.9011417612012163,0.9011417612012163
22,22,../SIMULATIONS/ORBIT/HigherRes/E_high_L_mid/output/snapshot_022.hdf5,4.306487223349609,17.332687110618966,-322.4276961538527,1.9440118433431817,40.19891210246001,-9.83676286866997,1.2513683459613087,322.89908713343067,41.40386890971693,11.987747206921137,39.630471579278215,61.28116027458281,2.5027047323252445,5.670205123268171,4554188434.985917,4269947348.5299673,2135048705.7588906,46261,43493,22314,801983160.3996863,642551545.2883701,93141653.99700868,7646,6126,888,33759174542.465187,20664544737.337563,3086905180.5711937,70681,43265,6463,1834088.9082302519,4056.555155242206,1834088.9082302519,162,10.0,3.8127378078205516,26662094.686471518,1.804519892413515e-14,-13.743638326063436,1020967461.5543919,10988,2479305951.774222,25740,31047217.999002896,296,117371070.74623054,1119,889342015.5072818,1862,3863049528.1540785,8088,0.132392742754746,0.11158548171442817,0.06384839779275353,191003324.2438658,162578337.4947787,77722934.24750388,1821,1550,741,0.033696849564876175,31047217.999002896,296,0.06922259074053727,86848298.9972108,828,14999162.74951829,10803592.749653041,6503133.499791147,143,103,62,3880902.249875362,37,7132468.999770936,68,39115346137.85079,25577043631.1559,5315095540.327093,1941356695.0606766,6459726550.674531,0.15048231110146687,4.839531509551712,,3.4053454621483925,3.4053454621483925,3.4053454621483925,0.9011417612012163,0.9011417612012163
23,23,../SIMULATIONS/ORBIT/HigherRes/E_high_L_mid/output/snapshot_023.hdf5,4.497462266513672,25.263704441078097,-323.580251581323,2.0367866940025317,39.90985618379661,-2.633960689536375,0.6150112301838033,324.5713827119626,40.00140757946655,5.7362454589270415,39.58797919032421,61.55572931983962,2.523338387283586,5.685243507518946,4581040082.985055,4289981195.279324,2145064623.2369764,46517,43684,22396,780061307.1503904,623251923.28899,86218963.49723102,7437,5942,822,33759174542.465187,20673142028.57233,3030067532.963585,70681,43283,6344,2028002.151276049,3630.8672685809865,2028002.151276049,145,10.0,9.064834423388918,166643417.2673544,1.1278609761718735e-13,-12.947744429610129,1009349245.0687336,10854,2489452366.0259438,25815,30312993.249026477,289,107826148.99653709,1028,816265040.0117855,1709,3768956951.862492,7891,0.11534320823921007,0.09533439761435147,0.057433942252828274,165305457.99469107,138873366.99553996,70800243.7477262,1576,1324,675,0.03178450076666195,30312993.249026477,289,0.06120426316920202,77408266.49751398,738,13635602.499562083,10069367.999676615,5768908.749814727,130,96,55,3776012.9998787306,36,6398244.249794516,61,39120275932.60063,25586375147.140644,5261351119.697792,1855927278.3295455,6366235466.884974,0.14528080542050245,4.818935349022267,,3.596320505312456,3.596320505312456,3.596320505312456,0.9011417612012163,0.9011417612012163
24,24,../SIMULATIONS/ORBIT/HigherRes/E_high_L_mid/output/snapshot_024.hdf5,4.6979860618359375,33.32500816942605,-323.304205276519,2.2227213702615005,40.19115872411627,5.198396464672064,-0.08768074876579124,325.02477722361976,40.52604413589768,-1.0506510848011132,40.512422608413985,61.6219457805266,2.49926986613905,5.64210700829412,4607681952.293205,4309175928.0287075,2154610662.6283293,46771,43867,22502,756671004.4011416,604476747.539593,77408266.49751398,7214,5763,738,33759174542.465187,20665499991.919205,3071621107.264946,70681,43267,6431,1904672.9221993652,3781.1100521084754,1904672.9221993652,151,10.0,18.475865849636016,650174613.4933691,4.400453292915383e-13,-12.356502584315624,1025083079.5484946,11010,2505632706.543111,25985,27795651.249107324,265,99225230.49681331,946,859251496.1856068,1799,3847287827.5570116,8055,0.10025965681415983,0.08287779494639835,0.04801882294123061,143593383.2453884,121356862.24610254,58737979.99811359,1369,1157,560,0.02881593869824428,27795651.249107324,265,0.051039648802543525,63982442.49794516,610,11642706.749626093,8600918.499723777,5139573.249834939,111,82,49,3671123.749882099,35,5454240.999824833,52,39123527499.15953,25579152667.487503,5303640036.390789,1912130226.9832087,6452145764.596935,0.14027664630905876,4.795696517633924,,3.7968443006347212,3.7968443006347212,3.7968443006347212,0.9011417612012163,0.9011417612012163
