snapshot_file,snapshot_number,time_gyr,x_center_kpc,y_center_kpc,z_center_kpc,vx_center_kms,vy_center_kms,vz_center_kms,rhalf_star_center_kpc,center_radius_kpc,N_center_particles,Nstars,Mstars_msun,rhalf_stars_kpc,r90_stars_kpc,sigma3d_stars_kms,sigma1d_stars_kms,K_stars_Msun_kms2,L_stars_Msun_kpc_kms,Lx_stars_Msun_kpc_kms,Ly_stars_Msun_kpc_kms,Lz_stars_Msun_kpc_kms,Mstars_inside_0p5kpc_msun,Nstars_inside_0p5kpc,Mstars_inside_1kpc_msun,Nstars_inside_1kpc,Mstars_inside_2kpc_msun,Nstars_inside_2kpc,Mstars_inside_3kpc_msun,Nstars_inside_3kpc,Mstars_inside_5kpc_msun,Nstars_inside_5kpc,Ngas,Mgas_msun,rhalf_gas_kpc,r90_gas_kpc,sigma3d_gas_kms,sigma1d_gas_kms,K_gas_Msun_kms2,L_gas_Msun_kpc_kms,Lx_gas_Msun_kpc_kms,Ly_gas_Msun_kpc_kms,Lz_gas_Msun_kpc_kms,Mgas_inside_0p5kpc_msun,Ngas_inside_0p5kpc,Mgas_inside_1kpc_msun,Ngas_inside_1kpc,Mgas_inside_2kpc_msun,Ngas_inside_2kpc,Mgas_inside_3kpc_msun,Ngas_inside_3kpc,Mgas_inside_5kpc_msun,Ngas_inside_5kpc,U_gas_Msun_kms2,median_u_gas_kms2,median_rho_gas_msun_kpc3,p90_rho_gas_msun_kpc3,SFR_total_msun_per_yr,Mgas_SF_msun,Ngas_SF,Ndm,Mdm_msun,rhalf_dm_kpc,r90_dm_kpc,sigma3d_dm_kms,sigma1d_dm_kms,K_dm_Msun_kms2,L_dm_Msun_kpc_kms,Lx_dm_Msun_kpc_kms,Ly_dm_Msun_kpc_kms,Lz_dm_Msun_kpc_kms,Mdm_inside_0p5kpc_msun,Ndm_inside_0p5kpc,Mdm_inside_1kpc_msun,Ndm_inside_1kpc,Mdm_inside_2kpc_msun,Ndm_inside_2kpc,Mdm_inside_3kpc_msun,Ndm_inside_3kpc,Mdm_inside_5kpc_msun,Ndm_inside_5kpc,K_total_Msun_kms2,W_spherical_Msun_kms2,E_total_approx_Msun_kms2,Q_virial_collisionless,Q_virial_eff,Mtotal_msun,Mtotal_inside_rhalf_star_msun,t_dyn_rhalf_gyr,center_drift_kpc,bulk_velocity_drift_kms,Mtotal_msun_frac_change_from_initial,Mstars_msun_frac_change_from_initial,Mgas_msun_frac_change_from_initial,Mdm_msun_frac_change_from_initial,rhalf_stars_kpc_frac_change_from_initial,rhalf_gas_kpc_frac_change_from_initial,rhalf_dm_kpc_frac_change_from_initial,sigma1d_stars_kms_frac_change_from_initial,sigma1d_dm_kms_frac_change_from_initial,Q_virial_eff_frac_change_from_initial,E_total_approx_Msun_kms2_frac_change_from_initial
../SIMULATIONS/ICs/DG001/output/snapshot_000.hdf5,0,0.0,0.20039101936617162,-0.18022254305917768,0.01617496919538595,0.35498228780778546,-0.5653854418906046,1.671335928050082,1.674544942260763,2.0,37698,15966,497386915.8106936,1.6771244422979694,7.152917706048391,62.570878831139396,36.12531373658979,973663457032.1626,36677152282.9296,7116402529.88988,-933995868.162934,-35968013099.642296,100968638.52822936,3237,182010771.94134995,5886,271806381.52003664,8849,323280655.3432965,10513,399243221.1964569,12892,99416,4953185013.677056,11.05418648141904,25.52400708966617,71.5048917447089,41.283368497182735,12662692527083.732,2474287008619.5244,-29750343294.461,1216142626105.9966,-2154578434651.481,54750283.759403825,1395,99611072.39178091,2359,165387984.9209261,3796,307329194.8430779,6618,687898289.1453234,14228,1850472736071.027,190.21910095214844,537229.8437578138,3892242.2390896827,,,0,595208,33759174885.999527,12.629299961530146,25.98557598737137,82.73549928255235,47.767362782319694,115543524745232.73,4471701921103.621,130928062415.53159,248187969557.9394,-4462889046956.09,177187911.35848734,3124,559469128.5659792,9864,1638307560.6881902,28885,2987692195.4928546,52676,5861040335.512371,103336,129179880729348.62,-240238655786847.0,-109208302321427.34,1.0754295998389547,1.0908348869690399,39209746815.487274,1626762964.8405092,0.02538938580785943,0.0,0.0,0.0,0.0,0.0,0.0,0.0,0.0,0.0,0.0,0.0,0.0,0.0
../SIMULATIONS/ICs/DG001/output/snapshot_001.hdf5,1,0.01833360414375,0.2132453585027553,-0.17023816933111274,0.06158576609041895,0.7694177185490598,-1.0378219478047854,1.6182282631874108,1.6366242729728704,2.0,38169,15966,497386915.8106936,1.633504883118271,7.037942477904639,67.10932927397285,38.745589321463456,1120031294818.7595,36739051042.44331,7304549977.413604,-919907598.3526125,-35993821568.94729,126299517.48522216,4055,192493719.64406237,6233,272712611.49508065,8882,326382569.35342723,10618,399846057.5303397,12916,99416,4953185013.677057,10.690915186258769,25.173237430669175,73.97616611092346,42.710159417758135,13553086003284.55,2464639661026.886,-28653230276.422356,1219735482186.839,-2141465153719.735,69917656.60131931,1728,112028050.9053373,2629,206850079.93279213,4602,386937687.7878495,8261,758574294.8708684,15670,2286512016501.8535,257.90240478515625,620031.67840885,5138466.949574649,,,0,595208,33759174885.999527,12.535199095685751,25.93503220961907,83.28524835320503,48.084760556247765,117084120500322.11,4469682330065.466,135857819907.22784,245086043931.77756,-4460889554286.16,237422726.29533544,4186,603028768.7462988,10632,1667404039.089888,29398,3020588798.7540336,53256,5922976698.893763,104428,131757237798425.42,-243032810902481.78,-108989061087554.5,1.0842753067715925,1.1030917950310262,39209746815.487274,1653306832.2746658,0.024208636318666345,0.048239633373626696,0.6306927956154813,0.0,0.0,1.9253759223063596e-16,0.0,-0.026008540618447828,-0.032862779705308265,-0.007450996185935342,0.07253295027358342,0.006644657679229282,0.011236263350581848,0.0020075509756351854
../SIMULATIONS/ICs/DG001/output/snapshot_002.hdf5,2,0.0366672082875,0.2502010645223892,-0.2411042473678042,0.07289104667127554,2.5311389000551063,-1.7502491283885315,1.0673366087824303,1.5885118767366349,2.0,39461,15966,497386915.8106936,1.5888001218234096,7.058149204549291,66.93778041400465,38.64654554098165,1114312432363.5925,36705845585.20544,7600461250.300163,-849252714.7312279,-35900290510.44229,113143380.47100136,3628,193887037.73756787,6295,276213700.6016019,9006,331183509.5587412,10765,402647402.43856066,13010,99416,4953185013.677058,10.296842412414922,24.873741661027406,76.08456770173913,43.9274456437754,14336650871276.557,2446065314387.98,-31556598614.994522,1220581699965.8972,-2119532971445.403,59781909.94483157,1510,119628099.65780252,2794,257380874.36820936,5608,459213633.28716326,9674,845197889.1935142,17465,2970047787191.407,320.91709899902344,616647.5213831291,6711189.344059676,,,0,595208,33759174885.999527,12.49083875145456,25.950603074507498,83.80899622695541,48.38714653214504,118561341905004.45,4426566046341.799,150135123026.49084,237646362446.10126,-4417631787946.571,208042656.48621368,3668,628665431.9774244,11084,1725086531.3599205,30415,3069423239.1124387,54117,5987919131.193849,105573,134012305208644.6,-245473168506787.34,-108490815510951.34,1.0918692745430476,1.116067827934917,39209746815.48728,1689554203.6218104,0.022971229082121288,0.09697595558816927,2.5503675684663536,1.9457903074845925e-16,0.0,3.850751844612719e-16,0.0,-0.05266414241362988,-0.06851196786639487,-0.010963490494116898,0.06979127773880651,0.012975046427615378,0.02313176931477559,0.0065698925376960525
../SIMULATIONS/ICs/DG001/output/snapshot_003.hdf5,3,0.0611120138125,0.2801746694320818,-0.275098700669765,0.023572046394998714,0.5271615254239755,-0.2432359250236151,-2.189765841747712,1.5879406023559628,2.0,40159,15966,497386915.8106936,1.5934209457374142,6.960719668194255,67.6980548082468,39.08549016715533,1139768738998.8523,37015764402.52322,8421772969.841368,-644118849.9537858,-36039223982.41517,113797719.50259964,3666,190236824.7965569,6183,278760823.0141814,9106,334676157.7085999,10887,405615871.61619174,13100,99416,4953185013.677057,9.7479156658545,24.57826811252103,76.56088919525764,44.20244998627911,14516719731980.428,2427052630741.5156,-45505626741.286575,1145069538871.8562,-2139469434572.9712,61619936.85282141,1549,105038944.77551512,2462,238642903.73921904,5208,482737817.25583833,10083,970417015.3213454,20023,3879398839127.964,436.59910583496094,610361.2395236269,6728688.604198396,,,0,595208,33759174885.999527,12.366783733865496,26.032781432514625,84.2714995797594,48.65417296738753,119873523777068.23,4495627434846.343,266420950900.61746,270570310950.6916,-4479562212615.912,211956217.90866426,3737,605694527.976084,10679,1758493599.1544626,31004,3131643193.9012547,55214,6080029620.32515,107197,135530012248047.52,-248311819823522.8,-108902408736347.33,1.091611445193143,1.1228576326834128,39209746815.487274,1664109311.473112,0.023247232443341252,0.12418386711600524,3.8783415112415494,0.0,0.0,1.9253759223063596e-16,0.0,-0.049908936063126,-0.1181697828022214,-0.020786284945665628,0.08194188850925613,0.01856519040226511,0.02935618038707061,0.0028010103497414906
../SIMULATIONS/ICs/DG001/output/snapshot_004.hdf5,4,0.07944561795625,0.29883056549843373,-0.28256331572843224,-0.03464213093546779,1.6817076090916319,-2.3600032980737393,-1.6912936340295295,1.6064147273976235,2.0,40449,15966,497386915.8106936,1.607557500996862,6.884072986397704,67.98916587023842,39.25356321716027,1149592143247.1987,36919136741.24226,8537978765.897735,-694732201.0518392,-35911598731.89226,114461134.38296379,3673,190296764.35707188,6173,277323941.3113515,9061,335986929.2148687,10933,408088133.4562037,13170,99416,4953185013.677057,9.297543326364728,24.415441195130715,77.61158461139809,44.8090692676241,14917898770495.412,2397104281142.6597,-28189582215.269634,1161721464503.9949,-2096596651966.6316,56969253.46683201,1428,104062700.24532205,2443,213026009.5054837,4667,454023755.6534521,9524,1055461477.2900095,21692,4584563101026.991,546.4429626464844,636456.9344441406,6476270.209532231,,,0,595208,33759174885.999527,12.291894859707817,26.136840324376525,84.78533121823138,48.95083380217747,121339798651964.22,4474968960466.396,223516064067.5608,254949015705.52667,-4462105866699.291,218648975.1238696,3855,622483139.295582,10975,1781691376.281742,31413,3167205556.3922186,55841,6142873476.210298,108305,137407289565706.83,-250373346924579.28,-108381494257845.47,1.097619145596184,1.1342409598375218,39209746815.487274,1688868147.3574252,0.023383973097928255,0.1508189499332727,4.035855658920274,0.0,0.0,1.9253759223063596e-16,0.0,-0.0414798923363063,-0.1589120246892025,-0.026716057330975714,0.08659438928005796,0.024775724488935343,0.0397916067656112,0.007570926806904956
../SIMULATIONS/ICs/DG001/output/snapshot_005.hdf5,5,0.09777922210000001,0.35099478962146374,-0.32117373147780537,-0.07497552554899233,-0.14229045231289372,-2.21189446592568,-2.110034121274864,1.5788231173191474,2.0,40055,15966,497386915.8106936,1.5806266757429905,6.819753225218466,68.66339094668275,39.6428272465398,1172505410680.8665,37177842232.83447,8758495483.699862,-531356683.17036974,-36127529254.389786,116923566.71119341,3750,191543890.8486067,6205,277814304.53387654,9060,335599314.0735336,10921,411208634.37299705,13267,99416,4953185013.677058,8.876868747762222,24.263249769872914,77.42379221556446,44.700647277337794,14845794104999.107,2386686321682.7397,-27123824261.402077,1136349492149.4373,-2098629488012.7456,59267105.24590817,1484,105060364.48759913,2468,215512972.32917932,4690,434861562.08700776,9151,1114530611.9101405,22823,5378691860871.566,664.4827270507812,681754.2089265771,6782474.811188877,,,0,595208,33759174885.999527,12.233825211796804,26.260258406190935,85.07944326410102,49.12063947103222,122183090625604.84,4561681564306.297,238918182703.63126,283731266723.54114,-4546576004466.327,205320178.9749437,3620,617548648.8064053,10888,1755657685.080223,30954,3182746365.5190516,56115,6279394379.74419,110712,138201390141284.81,-252082174381298.72,-108502092379142.34,1.0964788801943752,1.1391529952846058,39209746815.48728,1659052791.577551,0.023002776441753053,0.22551528955677758,4.154158349681414,1.9457903074845925e-16,0.0,3.850751844612719e-16,0.0,-0.057537630554569445,-0.19696770425545712,-0.03131406736224413,0.09736977056028373,0.028330571542740046,0.04429461222112279,0.006466632364693735
../SIMULATIONS/ICs/DG001/output/snapshot_006.hdf5,6,0.11611282624375001,0.33567171559186293,-0.3552578255554892,-0.09257902971172896,-0.3402060372080571,-0.18689241826601394,-1.616114571602475,1.5988294097859965,2.0,39774,15966,497386915.8106936,1.5958645039484871,6.691820876505271,68.85701585851331,39.75461664150699,1179127465053.052,37016620587.26636,8863264563.586218,-300145074.58287406,-35938595602.94075,115640801.62770551,3714,191131478.6730145,6215,276420840.5164936,9030,335725584.35935205,10899,411779237.93384254,13275,99416,4953185013.677058,8.552312763941968,24.19039793826948,77.29582782127022,44.62676699984533,14796761034492.26,2407912119088.68,-44717589632.04357,1140728230976.3672,-2120089671095.3447,59942782.15894156,1497,107874313.49399412,2516,224353537.5509964,4850,444655853.16402215,9307,1162100254.1323833,23753,6102652013579.801,771.1104125976562,712503.4971977584,6927321.664988995,,,0,595208,33759174885.999527,12.200506778126114,26.43931723858393,85.21921034300098,49.20133403165896,122584861019459.95,4554473134671.62,244257243868.4464,281874721382.34174,-4539175098485.291,218762411.68683916,3857,614429143.3247417,10833,1743690127.686932,30743,3207645691.0908747,56554,6342238235.629338,111820,138560749519005.27,-253542652396915.66,-108879250864330.6,1.092997554526576,1.1411366108619672,39209746815.48728,1662348435.7637606,0.023313066032942132,0.24650689476799648,3.3814012722297044,1.9457903074845925e-16,0.0,3.850751844612719e-16,0.0,-0.04845194327866406,-0.22632816278994985,-0.03395225267514196,0.10046425980907779,0.030019895715700393,0.04611305019102765,0.0030130626527667217
../SIMULATIONS/ICs/DG001/output/snapshot_007.hdf5,7,0.1344464303875,0.28829563319505014,-0.2758130924644467,-0.10926423241798501,-1.1486723847118183,1.1921874822857355,-2.5528275634614492,1.5968811854267093,2.0,40866,15966,497386915.8106936,1.593644844042883,6.6162670618613655,68.60387753049517,39.60846715968351,1170473773122.6816,37019686016.661385,9146072609.6943,151015618.69345438,-35871767490.232544,113313329.42745575,3660,188914493.44209832,6139,276400594.5948611,9009,332999873.0623629,10805,413092801.27961755,13314,99416,4953185013.677057,8.32099820063758,24.158591195911256,76.87636659012391,44.384590945128394,14636601633526.965,2415759496770.1436,-50072053278.35236,1119592123735.1633,-2140070141884.5627,61839904.49699195,1544,110199440.07671255,2565,236824237.14262766,5101,456768882.1953197,9495,1183955825.0994742,24173,6689888764290.786,843.5486145019531,729377.9344763607,6547248.340211809,,,0,595208,33759174885.999527,12.150076186054902,26.655012477003826,85.38910952585297,49.299425370613655,123074136355567.38,4581010972728.341,297377050993.18695,300473304634.85614,-4561462946796.988,210027796.33818138,3703,618456141.3101618,10904,1808008658.890685,31877,3227610526.173521,56906,6372695952.786671,112357,138881211762217.02,-254725242775473.2,-109154142248965.38,1.0904393317990353,1.1429656436117015,39209746815.487274,1696893088.3263059,0.023026422731531895,0.18055405719452933,4.815973127105953,0.0,0.0,1.9253759223063596e-16,0.0,-0.04977543475587537,-0.24725367944313853,-0.03794539498903328,0.09641863454782347,0.03207341789572333,0.04778977759641567,0.0004959336544080881
../SIMULATIONS/ICs/DG001/output/snapshot_008.hdf5,8,0.1588912359125,0.24183829807832838,-0.25734314810354286,-0.18475474985898385,-3.2255870449978,1.0392344854312263,-2.202232257359884,1.5825318096530285,2.0,40712,15966,497386915.8106936,1.58502517918786,6.603914158639394,68.89458068699527,39.776304705343115,1180414357974.941,37114984232.43753,9343436938.462404,830543075.9216487,-35910060414.18061,113591616.47533256,3646,190958899.24756193,6198,277121144.55198383,9020,331886907.2984398,10776,413602214.62355185,13316,99416,4953185013.677057,8.2535721507358,24.091714758613268,75.70554297226006,43.70861561418113,14194167041897.014,2407963496602.8193,-47071151265.991,1094858866511.6381,-2144144717623.095,62643230.089634016,1563,112963789.49737118,2619,242786859.53049716,5210,464427314.9210676,9653,1197654641.734971,24405,7236964010774.656,914.4776306152344,699793.3451202698,5705552.757717669,,,0,595208,33759174885.999527,12.09815026947179,26.933638460232075,85.59776730119938,49.419893993378416,123676361910152.34,4680446562688.043,275340284149.31006,337562192284.75885,-4660130847995.88,235437586.44336778,4151,646645127.2081031,11401,1800011381.2013297,31736,3218308728.0100155,56742,6377630443.275848,112444,139050943310024.3,-255485434263429.03,-109197526942630.1,1.0885234511385096,1.1451761055776088,39209746815.487274,1709367025.0687864,0.02275637010165874,0.21917622278504606,5.513602483422831,0.0,0.0,1.9253759223063596e-16,0.0,-0.054914984712712465,-0.2533532734761428,-0.04205693852203058,0.1010646162238141,0.03459540394954313,0.0498161722344248,9.866812841330841e-05
../SIMULATIONS/ICs/DG001/output/snapshot_009.hdf5,9,0.17722484005625003,0.1321334015665192,-0.1974699674868744,-0.23024461613838623,-3.050178210910758,3.370280384849046,-2.241013178215724,1.5602943105579226,2.0,40870,15966,497386915.8106936,1.5604401554624339,6.588615695712113,69.62303257230059,40.19687659741583,1205508377545.436,37073922435.97743,9677813726.452993,1195932595.0688126,-35768497193.66193,116552974.72316307,3733,191962510.38920307,6223,278697543.1536121,9086,334254192.2916098,10862,413208625.6436196,13291,99416,4953185013.677056,8.338582975054255,24.074086384451114,74.61523503904165,43.079126035437895,13788263592933.479,2424352163931.406,-69898139099.4034,1090726376707.6586,-2164004074872.206,60484003.12010926,1511,112394501.39555629,2602,233043440.51211953,5022,452044390.0855753,9424,1163750186.3947363,23682,7383096680695.616,948.2019348144531,635590.695310384,5296772.869769484,,,0,595208,33759174885.999527,12.033870489779657,27.16056517624103,85.52379151411341,49.37718405279081,123462685710877.86,4663256466204.92,315225054947.4306,336157039236.0052,-4640430204119.815,217798200.90159774,3840,642221101.2522894,11323,1802847295.2755692,31786,3227723962.7364907,56908,6401622276.343915,112867,138456457681356.78,-255236263854416.72,-109396709492364.31,1.0849277887904711,1.1427808271416893,39209746815.487274,1684808992.6065767,0.02239039428335023,0.2562795116140593,6.510841654586469,0.0,0.0,0.0,0.0,-0.06957401841669936,-0.24566289983703796,-0.04714667270270041,0.11270664361600075,0.03370128005197232,0.04762035097445848,-0.0017252092279801158
../SIMULATIONS/ICs/DG001/output/snapshot_010.hdf5,10,0.19555844420000001,0.12879257412435782,-0.11835361326109807,-0.24696600159396317,-3.1919891944368612,3.700623350942214,-0.8314770337233941,1.5605988775532313,2.0,40862,15966,497386915.8106936,1.5577169501799562,6.56732404044002,69.35930316837067,40.04461235506367,1196392835044.309,36925489922.131004,9794880483.58981,1553283070.2466886,-35568798602.21982,113968923.83913837,3665,193971974.51098692,6295,278033995.4142619,9093,337865072.06514215,10983,410689166.3798251,13225,99416,4953185013.677058,8.528083506643268,24.05030235669774,73.39766614587825,42.37616230721309,13341942234806.191,2432576325640.6743,-81801274755.74579,1097903823477.1139,-2169180335036.7512,60562160.3790496,1514,110158494.29213631,2556,224953304.76431262,4862,437860106.5855037,9126,1108146998.6925185,22569,7387657382137.342,970.4584350585938,572350.1817556098,5023040.575906634,,,0,595208,33759174885.999527,12.01570255531565,27.45058976369996,85.36009732907732,49.28267517099545,122990518093441.28,4664253884790.284,257334765544.63174,341037132147.5773,-4644646035460.604,218025074.0275369,3844,621745801.6362798,10962,1798253114.4753013,31705,3205887424.364846,56523,6410470328.255542,113023,137528853163291.78,-254420832998400.66,-109504322452971.53,1.0811131426816476,1.1391874544042555,39209746815.48728,1651130174.4628782,0.022558413972248212,0.2796377519995571,6.0863708758179556,1.9457903074845925e-16,0.0,3.850751844612719e-16,0.0,-0.07119775319379582,-0.2285200253335596,-0.04858522705799703,0.10849175309733548,0.0317227558821108,0.04432620189620686,-0.002710600982267138
../SIMULATIONS/ICs/DG001/output/snapshot_011.hdf5,11,0.21389204834375,0.04032255857908972,-0.06047851812925902,-0.2767660167817497,-2.9921169653751174,3.4383478295155516,-1.0333935960236973,1.5865223392533045,2.0,40644,15966,497386915.8106936,1.5913700079481337,6.6223778826497375,68.73654725583157,39.68506406131979,1175005195836.854,36883185128.94493,10025223047.348438,1687479156.9729884,-35454430783.77821,110253365.39773889,3537,189125250.20482463,6137,279483150.41157913,9116,335789255.7164632,10904,410196431.17351735,13224,99416,4953185013.677056,8.740451511027619,24.050308280137227,72.18739177299793,41.67741007223733,12905571923434.816,2426208217345.489,-79392303684.49356,1093740663315.261,-2164235323951.8887,59888294.861139,1490,109747004.42375252,2553,222388747.18595982,4807,417513874.40854156,8697,1057074346.2335486,21542,7304857657322.096,972.6827697753906,518602.22811228596,4687589.09846656,,,0,595208,33759174885.999527,11.986126773502765,27.70972931556946,85.11386161908604,49.140510917547886,122281967427029.55,4657851595843.859,262890913272.4737,341700602011.2284,-4637856245638.615,211786063.06420988,3734,610288708.7763519,10760,1787419922.7117062,31514,3227383653.0475817,56902,6368782391.364221,112288,136362544546301.22,-253200133459846.66,-109532731256223.34,1.0771127383147772,1.1348130053525947,39209746815.487274,1683322554.6406536,0.02306956909962614,0.35464766305506507,5.877798509443699,0.0,0.0,0.0,0.0,-0.051131825514591146,-0.20930848002976732,-0.05092706563202537,0.0985389455905122,0.0287465762237232,0.0403160174916582,-0.0029707350805722125
../SIMULATIONS/ICs/DG001/output/snapshot_012.hdf5,12,0.23222565248750002,-0.00056191984964243,0.0238762685280879,-0.2677238007964783,-1.651561460442015,4.162420785237485,0.22527370406244163,1.62841296083903,2.0,40110,15966,497386915.8106936,1.6281158372977165,6.713118169491053,68.3422714709185,39.45742883076528,1161564095620.912,36842435661.71108,10127540241.445156,1853247428.055329,-35374616155.02896,113335634.96805254,3645,189586813.8046808,6149,277494853.63870007,9051,332899628.35283405,10818,410243871.9087331,13232,99416,4953185013.677057,9.00414839691498,24.122428819448263,71.01719196465787,41.00179489788655,12490549562664.371,2432116882036.7817,-95468022072.82086,1113085057773.9075,-2160351832181.5725,61375495.33377751,1529,109900709.03062588,2559,220509713.19686142,4747,403703661.39995897,8426,1013294292.8794364,20635,7192458994779.466,983.95703125,470700.28813323006,4476945.323403925,,,0,595208,33759174885.999527,11.983061464608229,27.984271125646522,84.82888928539995,48.97598206398263,121464506185212.6,4595474225381.507,221099585482.35162,320048909033.7592,-4578981002938.491,226816407.6576795,3999,645907789.5488008,11388,1762463878.858398,31074,3192218318.5270114,56282,6332142381.525045,111642,135116619843497.88,-251919677591014.12,-109610598752736.78,1.0726960365744564,1.1297972448925797,39209746815.487274,1710391985.6799622,0.023683535001670714,0.4032826803542426,5.335678540781442,0.0,0.0,1.9253759223063596e-16,0.0,-0.029221805946076446,-0.18545354630573355,-0.05116977970991355,0.0922376790544115,0.025302198222052236,0.035717924306399355,-0.003683753183209263
../SIMULATIONS/ICs/DG001/output/snapshot_013.hdf5,13,0.2566704580125,0.04431949030973182,0.11073017820412451,-0.22265427841756402,-0.4078369475015625,5.20574416101071,0.04274638448288391,1.6055619069381193,2.0,39880,15966,497386915.81069356,1.602935024085158,6.748359464779155,68.03576147988647,39.28046520493363,1151168403272.8877,36796450755.33275,10187182820.181686,2027462637.4178233,-35299992770.98649,114694966.31889342,3678,189723720.22290075,6143,274629925.2817153,8936,332309142.74327004,10802,407000335.3263018,13137,99416,4953185013.677057,9.285918960388766,24.304528528317416,69.60528768746447,40.186631583378954,11998833313415.256,2433033296754.0127,-105389518771.93051,1123880701092.7205,-2155327409503.729,58947741.022166155,1479,108727155.57752599,2532,222153840.25230378,4785,410801831.54235774,8560,954150592.0219607,19426,7018255282383.044,979.5558776855469,405952.6327182539,4124175.1750931144,,,0,595208,33759174885.999527,12.061337229019838,28.358691329069668,84.27831927908737,48.65811032263032,119892926172229.25,4540836627848.794,246528059309.21228,297881194320.88525,-4524343929329.025,212580119.00499696,3748,616414283.1767094,10868,1754977065.7024055,30942,3172253483.444365,55930,6293573950.115388,110962,133042927888917.39,-249653160535366.44,-109591977364066.0,1.0658220997772645,1.1220461449071786,39209746815.487274,1673306434.574897,0.02339120190979993,0.40749382536169027,6.0448435861201775,0.0,-1.1983557041954088e-16,1.9253759223063596e-16,0.0,-0.04423608430103026,-0.15996360510133878,-0.04497183012838145,0.08733907451572165,0.018647618131439385,0.028612265990924955,-0.0035132406097606447
../SIMULATIONS/ICs/DG001/output/snapshot_014.hdf5,14,0.27500406215625,0.04818251811155173,0.20155890487142844,-0.2116506541044318,-1.0362747782405957,5.555384582759272,-0.12969866115186188,1.6082110048157956,2.0,40240,15966,497386915.8106936,1.5978840616282808,6.83072608633552,67.22431737511482,38.81197773261138,1123872805699.2036,36840704031.53816,10133076544.307556,2126494818.5050566,-35355851751.49182,109892721.26266769,3552,188747448.41241407,6122,275323101.328695,8969,331010914.3262707,10755,406464487.45292217,13130,99416,4953185013.677056,9.44596110845273,24.48792890142276,68.50480791169403,39.55126928860015,11622422539078.305,2432882322600.928,-108409647230.3422,1116238170016.672,-2158975704311.9568,59596808.237074584,1486,109668198.96111701,2554,223787943.43012488,4821,411146387.79845333,8571,930148280.3675754,18940,6889786614228.349,970.4129028320312,374121.9188668765,3915578.417945653,,,0,595208,33759174885.999527,12.146547676875107,28.65421826823075,83.81588433288844,48.39112338195968,118580831379389.84,4570421659035.564,259808196418.1023,308870832954.5043,-4552565502110.361,219953495.59801978,3878,627474348.0662436,11063,1782088404.2521358,31420,3162157629.340072,55752,6240996103.178987,110035,131327126724167.34,-247881189995893.62,-109664276657497.94,1.0595973557036973,1.1151867823507333,39209746815.487274,1671698445.286438,0.023291922089985487,0.4699244795391257,6.5301720888491,0.0,0.0,0.0,0.0,-0.047247764489744555,-0.14548563801321537,-0.038224785706693215,0.07437067579846057,0.013058300967598345,0.02232408925731821,-0.004175271718156988
../SIMULATIONS/ICs/DG001/output/snapshot_015.hdf5,15,0.2933376663,0.05211528807452295,0.261452133647732,-0.2128121588177866,-0.8551980448420502,4.53956862232437,0.31323852672530395,1.608068615178088,2.0,40477,15966,497386915.8106936,1.6074226530746096,6.903680902928311,67.63072434225954,39.04661690449292,1137502706443.0498,36796513159.77198,10036099338.472277,2260218499.305154,-35329187694.04396,114863774.90768974,3685,190476372.66226047,6189,275838352.43035537,9012,330777494.65519446,10752,404957171.48814946,13090,99416,4953185013.677057,9.575102516678562,24.731468566750557,67.68645575710137,39.078793451854175,11346400325548.105,2425974538723.367,-102066076092.18852,1118336635459.1255,-2150408832858.3386,60598960.96303418,1505,109754866.75761203,2548,225017260.2202838,4855,409209383.1582133,8545,925016441.5811924,18836,6753891330305.8955,964.0058898925781,350486.07969656587,3805303.5677876323,,,0,595208,33759174885.999527,12.229141417126673,28.951366188405515,83.25314023306727,48.06622292444305,116993861386511.02,4562638170654.968,224662421491.10352,306322968917.7005,-4546796686833.59,218478820.27941525,3852,640009088.2743826,11284,1784470572.074497,31462,3152288648.3617187,55578,6177301473.071566,108912,129477764418502.17,-245993062191775.84,-109761406442967.78,1.0526944399558837,1.107605674200698,39209746815.487274,1710341411.881018,0.023233793327537774,0.5191313102962943,5.419365367528061,0.0,0.0,1.9253759223063596e-16,0.0,-0.04156029657993387,-0.13380305888874466,-0.031684934685405175,0.08086582137954611,0.006256576137252816,0.015374267390967894,-0.005064670998295658
../SIMULATIONS/ICs/DG001/output/snapshot_016.hdf5,16,0.31167127044375004,0.0351666638030229,0.38313596310397363,-0.21837653553587955,-0.5732506708486883,6.025456837964441,0.5772890527590542,1.6234596146487823,2.0,39885,15966,497386915.8106936,1.6243160393579597,6.955003897937544,67.12134400583822,38.752526030140174,1120432374085.705,36908388026.342445,9956476319.258383,2441581327.806416,-35456118888.37824,112492455.79051603,3613,190949900.79338458,6193,276093953.35502994,9010,329502815.26154864,10725,404245904.5501801,13053,99416,4953185013.677057,9.695088987123237,25.04072967720852,67.06257692314426,38.71859683912733,11138200451436.354,2427829511578.9106,-118405808115.80396,1119640811907.6128,-2150985972573.6929,59645990.654644266,1490,110206928.37178102,2555,222768929.29312453,4814,405239947.6790924,8463,929706505.3578991,18939,6635840314747.911,956.8113708496094,328541.28221515566,3682446.840684861,,,0,595208,33759174885.999527,12.34584383105648,29.28804532413807,82.61413353593683,47.69729223584082,115204788870259.78,4552431372691.653,238328316005.34814,303125066300.32996,-4536071671726.284,218422101.99793044,3851,632125247.1479965,11145,1748681336.4575937,30831,3104758728.4774637,54740,6110827647.171391,107740,127463421695781.84,-243822722503176.16,-109723460492646.4,1.0455417804148377,1.0999734613231784,39209746815.487274,1726004523.4218068,0.023493690068328636,0.6322074837498652,6.745202513549543,0.0,0.0,1.9253759223063596e-16,0.0,-0.031487468435945354,-0.12294866714799023,-0.022444326394740397,0.07272496822330417,-0.0014669126030296459,0.008377596337728731,-0.004717207027931111
../SIMULATIONS/ICs/DG001/output/snapshot_017.hdf5,17,0.3300048745875,0.005737188874290322,0.49943919143237386,-0.21123834504771086,-0.8017016647917014,7.206655911551097,0.03783302303460143,1.6057183820284604,2.0,38753,15966,497386915.8106936,1.599961780739728,7.012441073778453,67.11854438553523,38.75090966860461,1120338909932.039,36990111833.94436,9860961567.232702,2554123324.6072774,-35559896857.274025,112308345.82420357,3598,189763837.98644745,6155,274908016.06631976,8975,330525691.35747945,10752,405993072.79535425,13084,99416,4953185013.677058,9.780581560874547,25.44467727022092,66.58197913517718,38.44112357687259,10979130702783.586,2427074820789.542,-125585081959.02817,1114178236031.0273,-2152562991239.68,60236235.92909644,1504,109814299.9887841,2551,219674179.28408396,4748,404715184.3269603,8445,947416532.2330918,19292,6551486226932.097,951.2899780273438,310350.69696372375,3696765.1976738125,,,0,595208,33759174885.999527,12.448765572773162,29.62371428274092,81.87796540777694,47.272265368878884,113160774799440.33,4567700382008.297,277880104345.746,309282797552.37634,-4548737580752.018,217117581.52378026,3828,622199547.8881581,10970,1690148069.9652894,29799,3034654932.5622616,53504,6000794181.090896,105800,125260244412155.95,-241467951564761.72,-109656220925673.67,1.037489601418689,1.0917534172541,39209746815.48728,1661148860.3359704,0.02341135428905236,0.7426621052351169,8.025638685270046,1.9457903074845925e-16,0.0,3.850751844612719e-16,0.0,-0.04600890644257406,-0.11521471278644456,-0.014294884855606076,0.07268022503996888,-0.010364763399164714,0.0008420433706628687,-0.004101506888441427
../SIMULATIONS/ICs/DG001/output/snapshot_018.hdf5,18,0.35444968011250005,-0.03520560450384575,0.7267391037219897,-0.1974228193772812,-1.040281036027233,6.953197176867777,-0.39717226475996553,1.6306388271550687,2.0,38171,15966,497386915.8106936,1.630579661943394,7.028588687458165,66.45975203363034,38.370555726892256,1098453796091.4463,37104630886.134254,9776821837.019106,2729043617.5311084,-35689209978.60652,110153075.24644414,3534,189340914.03707498,6132,273958756.98857707,8929,328925145.9136722,10699,406379587.61635673,13098,99416,4953185013.677056,9.82947373914457,26.020746860256825,66.10904545560165,38.16807518966082,10823714481619.385,2425389694352.88,-120985455548.16238,1108377200450.1846,-2153921463410.672,57785587.18475324,1444,107400411.85954395,2504,216824217.57304835,4685,401725198.0098991,8379,981485863.378566,20006,6460468766848.498,956.6543579101562,288548.29906777013,3746593.283722177,,,0,595208,33759174885.999527,12.57849582481276,30.054207302900053,80.8824986436475,46.69753236463942,110425899606791.7,4581438789490.866,289360267456.89453,315995672118.1335,-4561359309753.115,209744204.9307574,3698,592819478.0790364,10452,1657535058.1115346,29224,2997107430.2193303,52842,5911859915.722744,104232,122348067884502.53,-238571665115240.56,-109763128463889.53,1.0256714084248275,1.0798309731302824,39209746815.487274,1642597689.4697669,0.024222213548853143,0.9610979207105234,7.92177823986869,0.0,0.0,0.0,0.0,-0.027752729124143227,-0.11079175698122037,-0.0040227199347658785,0.062151487643091606,-0.022396681653864558,-0.010087607180709597,-0.005080439221820292
../SIMULATIONS/ICs/DG001/output/snapshot_019.hdf5,19,0.37278328425625,-0.04251872062278719,0.8447183195286184,-0.2148145080592084,-0.4742800286553016,6.937911064864104,0.3056386876049102,1.6737498532801638,2.0,38205,15966,497386915.8106936,1.6725910982802494,7.114070695240394,66.30691090365691,38.28231285935885,1093407257017.2712,37222572342.16347,9726512919.389776,2835515629.4933925,-35817240112.987976,112933278.40803614,3641,186042399.65043235,6046,271543086.04622203,8854,329352557.20303756,10717,405475813.85681045,13081,99416,4953185013.677057,9.83990918644992,26.500388048823815,65.95334516469404,38.07818158479241,10772790408472.8,2421898867902.4844,-124872371213.64052,1110139102584.9941,-2148858345765.6306,59883443.3844786,1493,109479269.05373606,2544,213952826.76394346,4623,400759790.2591442,8358,1010887164.0159123,20593,6426086561643.227,968.581298828125,275086.5951384185,3831573.8493110985,,,0,595208,33759174885.999527,12.713100247028528,30.38262750425348,80.26039282955288,46.33835940540747,108733755911685.7,4560259271682.948,266470751873.9397,311274725817.07025,-4541813075021.201,208269529.6121528,3672,600646600.9239376,10590,1665021871.2675269,29356,2994555107.5525146,52797,5859849251.601191,103315,120599953577175.78,-236768032212620.03,-109741992073801.03,1.018718215040752,1.0729999227661644,39209746815.487274,1713529344.8382072,0.024637991399312192,1.0783622082519722,7.6715228872983685,0.0,0.0,1.9253759223063596e-16,0.0,-0.0027030457033399803,-0.10984773027035458,0.006635386423130713,0.059708799721352526,-0.029915894319397982,-0.016349829305910016,-0.004886897250750269
../SIMULATIONS/ICs/DG001/output/snapshot_020.hdf5,20,0.39111688840000003,-0.05624380362736305,0.9595007443385022,-0.21420540129890467,0.023663688761262586,7.273959648312727,-0.008469484690896832,1.6601409655285078,2.0,38339,15966,497386915.8106936,1.6629133612651488,7.114813936815807,66.35079972115392,38.30765207995516,1094855197593.6823,37294662321.01227,9585258349.48316,2961610834.03939,-35919959928.70393,112359036.76038106,3591,186325888.66012156,6040,273572312.783017,8928,329538710.50381166,10717,404558493.3692226,13055,99416,4953185013.677057,9.805575597698308,27.04304034945785,65.85785374096722,38.02304958559843,10741617937205.105,2418788747953.832,-126670254635.15546,1111496838744.8403,-2144543874878.5154,60059155.766793996,1500,108559805.07358253,2522,217020772.7590423,4684,405051688.7787126,8437,1030792694.2641642,20998,6396480595309.177,977.0854187011719,263736.7379065836,3922577.1615747362,,,0,595208,33759174885.999527,12.819583915808284,30.702592699607678,79.67449071188449,46.000088660052846,107152034135012.22,4545952006494.204,282350329784.5082,307248142393.6733,-4526760046171.533,213771202.91617757,3769,600249572.9535439,10583,1668141376.7491903,29411,2982360677.033284,52582,5828994506.473464,102771,118988507269811.0,-235053884444881.88,-109668896579761.7,1.012435999948027,1.066861653116155,39209746815.487274,1688115087.3462048,0.02460763120221894,1.1907584638870237,8.024141678836628,0.0,0.0,1.9253759223063596e-16,0.0,-0.008473480365803298,-0.11295366563785758,0.015066864739752666,0.06041022534165498,-0.03699752339940725,-0.02197695924403018,-0.004217575482299096
../SIMULATIONS/ICs/DG001/output/snapshot_021.hdf5,21,0.40945049254375,-0.049142361522527725,1.1221046659893181,-0.23647527560050652,-0.22088901879824943,6.749314721589877,0.3047747914938941,1.6351722502679498,2.0,38687,15966,497386915.8106936,1.6404099301741333,7.127187086623821,66.53577109336626,38.41444535149434,1100968135350.894,37377874408.71069,9500163357.666945,3114445612.7172117,-36016005053.53722,111689721.83213554,3591,188575384.59087664,6129,273221976.74720883,8906,328421934.4550365,10672,404567471.8713599,13056,99416,4953185013.677057,9.789075329158699,27.588886340661013,65.59673048316176,37.872290002412775,10656606796072.365,2417355712157.367,-123999254354.6542,1104607593374.375,-2146642701680.6995,58970892.14386142,1476,109273613.06357852,2540,218972601.38757703,4717,408829796.18345416,8510,1030627723.393991,21001,6367035451003.551,985.3738708496094,252837.48982474208,3999636.392109096,,,0,595208,33759174885.999527,12.949865212728913,31.100771408518682,79.18071182656556,45.71500528769381,105828010354872.1,4553584379597.389,269475837658.67535,313076033418.9302,-4534809463729.447,215926497.6125996,3807,619874098.3472817,10929,1689580887.1504414,29789,2981396466.248043,52565,5817026949.080173,102560,117585585286295.36,-233695241976104.5,-109742621238805.6,1.006315612521701,1.0608056859794617,39209746815.487274,1712347516.8330061,0.02393861560259309,1.3498722953676816,7.463508262428552,0.0,0.0,1.9253759223063596e-16,0.0,-0.02189134640094476,-0.11444633708567006,0.025382661919127282,0.06336641479700103,-0.042965685670751055,-0.02752864007954163,-0.004892658397029338
../SIMULATIONS/ICs/DG001/output/snapshot_022.hdf5,22,0.4277840966875,-0.0227776733369914,1.2908047819318547,-0.21193871498521472,0.6657237533874499,6.491766545853576,1.1290077863349541,1.6527535905918218,2.0,38685,15966,497386915.8106936,1.6519886768674295,7.07145583176563,66.72231604247577,38.52214712807867,1107150312284.2173,37490127618.4058,9496186316.244305,3298824584.5554986,-36117168641.13049,112173593.00530916,3599,189762781.14905652,6165,275589916.5902065,9000,327486052.4243195,10642,403405045.1696203,13016,99416,4953185013.677056,9.760990746151649,28.216675168022622,65.45272969430333,37.78915110820184,10609870460045.031,2416267702192.212,-126534220335.93797,1108120446187.0767,-2143456968656.7917,59573204.62812276,1488,110400290.81868851,2567,223409294.38087186,4797,411990584.2230764,8566,1028857942.1694522,20942,6342011328522.214,997.9543151855469,243352.3695799522,4009465.0466926396,,,0,595208,33759174885.999527,13.06938222018351,31.45018927123687,78.71374057410662,45.44539930938283,104583441740722.67,4527270180272.936,244437452354.95447,302500475070.836,-4510534234395.819,223583465.6130464,3942,608076695.7984452,10721,1686121071.9798691,29728,2988259378.3077025,52686,5843230795.126146,103022,116300462513051.92,-232322074557494.84,-109679600715920.7,1.0012002753898446,1.0557969928184565,39209746815.487274,1696662825.838757,0.024304082341628223,1.5052446675486209,7.084777642936187,0.0,0.0,0.0,0.0,-0.01498741822407605,-0.11698696574742258,0.034846132405904486,0.06634775296252259,-0.048609831853566376,-0.03212025446668519,-0.004315591255197891
../SIMULATIONS/ICs/DG001/output/snapshot_023.hdf5,23,0.4522289022125,0.04957183858900537,1.443483558032838,-0.16991540466126295,0.6274989534298138,6.217878519687565,1.5885148682639363,1.6151913151424389,2.0,38431,15966,497386915.8106936,1.6182218434656193,7.073153078030734,66.34711029788853,38.305521990439736,1094733442559.813,37623137587.64497,9523472717.014063,3435793589.344603,-36235331815.212776,110312851.18633604,3552,187950884.13071424,6089,273018557.86959094,8910,329664474.64218616,10717,405206786.5518439,13071,99416,4953185013.677056,9.715599094079504,29.068878976029563,64.95559981378608,37.502133037863004,10449313271786.787,2411936942899.283,-127571814688.9173,1101538324703.4233,-2141910027949.0947,58896785.008073494,1470,109143114.39819357,2536,222623962.02222592,4784,415530609.02970177,8633,1017132365.7141329,20670,6291533374764.6455,1015.3108825683594,233415.15770880505,3970896.3595330715,,,0,595208,33759174885.999527,13.186744900496825,31.914406840195443,78.16623349527211,45.129295950034496,103133605086381.86,4524522963502.606,229805408415.8636,303094654634.1281,-4508506532307.283,216550398.70893234,3818,605467654.8501447,10675,1678520822.2609072,29594,3009074987.6126213,53053,5899835640.047968,104020,114677651800728.45,-230676685873785.1,-109707500698292.0,0.9942717129504315,1.0488202110002696,39209746815.487274,1667067742.80442,0.02377096789478463,1.641279243534091,6.7892410940716355,0.0,0.0,0.0,0.0,-0.035121185611988785,-0.12109325182722076,0.04413902121770016,0.06035126143808982,-0.05522739122750219,-0.038516072845369814,-0.004571066175860793
../SIMULATIONS/ICs/DG001/output/snapshot_024.hdf5,24,0.47056250635624997,0.08538429999364561,1.5396752587611036,-0.12456116301740121,0.5058881662425848,4.543852625359626,0.756643330607458,1.6413916168367726,2.0,39090,15966,497386915.8106936,1.6427235139660372,7.07452604661359,66.89963162055508,38.62452032481428,1113042669275.4404,37797638182.60486,9555008694.01185,3588507863.4174385,-36393486674.87986,114051320.20286146,3643,188197748.92222083,6111,273259402.4769242,8901,329782306.79532313,10724,403765333.1170077,13034,99416,4953185013.677057,9.658490808183833,29.7265025532792,64.40981619566128,37.187024719019355,10274452158101.297,2416461784073.458,-110405362372.47827,1101061934479.0723,-2148199438201.2312,59284960.668719575,1478,109845951.57879084,2548,220485500.40835837,4742,411647633.13190633,8553,1009212409.7832311,20511,6258889489707.156,1016.7106323242188,229349.40716368146,3896302.659995854,,,0,595208,33759174885.999527,13.296666623941292,32.26999973769985,77.8253602262259,44.93249267639112,102236060630740.3,4536769637720.192,231970256070.89383,312369332949.3206,-4520054639699.725,218648975.1238696,3855,620554717.7250992,10941,1711701016.92951,30179,3088934327.943207,54461,5932335215.338753,104593,113623555458117.03,-229738123642694.56,-109855678694870.38,0.9891571643096785,1.0436443290036972,39209746815.487274,1703218983.7289026,0.02405347716776994,1.7294743863721376,5.192662973831575,0.0,0.0,1.9253759223063596e-16,0.0,-0.020511851991612855,-0.12625946518825498,0.05284272797732241,0.06918158846861859,-0.059347427632698485,-0.04326095409037099,-0.005927904377980721
../SIMULATIONS/ICs/DG001/output/snapshot_025.hdf5,25,0.4888961105,0.13024995587522772,1.640390087127923,-0.10596257273006596,-0.5731484209243444,4.581028233669891,0.8706009083013954,1.6279952449312611,2.0,39781,15966,497386915.8106936,1.6336846362172668,7.048712812368272,66.81054924385174,38.57308859064455,1110080426611.4758,37839759136.158615,9545577865.38689,3678963042.334284,-36430681377.53497,112338192.46513121,3610,189782965.4899397,6150,274087745.3379653,8956,331884185.2671994,10776,404682535.0064864,13064,99416,4953185013.677058,9.62246798800129,30.364959970952814,63.839974466096116,36.85802644305943,10093457620130.613,2412853366650.391,-112719037505.99426,1086401423273.27,-2151485006931.1807,59418216.412723266,1483,110576560.14827444,2568,223877154.19654343,4808,412092617.7142792,8570,1001639499.875182,20343,6237269086659.297,1013.4307250976562,228846.32926434278,3812833.601841703,,,0,595208,33759174885.999527,13.379290319246394,32.693826228480646,77.48237301145032,44.73446891561184,101336909198526.12,4562213001080.112,231844417238.12277,323415984221.54205,-4544825379986.555,211559189.93827072,3730,617321775.680466,10884,1747717125.6723523,30814,3094322564.6842623,54556,5959957018.421846,105080,112540447245268.22,-228666068323349.66,-109888351991422.14,0.984321356206888,1.0388748728907833,39209746815.48728,1701417659.545541,0.023867848356195327,1.826052490245564,5.290385326641116,1.9457903074845925e-16,0.0,3.850751844612719e-16,0.0,-0.025901361273574966,-0.12951821428237367,0.059384950868280786,0.06775788500835958,-0.06349301468722547,-0.047633252932193115,-0.0062270876438793145
../SIMULATIONS/ICs/DG001/output/snapshot_026.hdf5,26,0.50722971464375,0.13509228140283705,1.7338530617028847,-0.09041583178864314,0.6556504780321093,4.64351558667969,-0.4698580642525122,1.6238223323257999,2.0,39465,15966,497386915.8106936,1.6221495019318162,6.997632489972035,66.89354052531455,38.621003629337494,1112839997299.422,37864015395.40632,9479634399.996056,3885117589.2014627,-36451694814.151726,112173247.45871338,3600,188907047.4851451,6141,274435942.27406716,8962,329623749.13495296,10720,404727322.5762638,13067,99416,4953185013.677057,9.592909490525543,30.952333281907205,63.51470770634141,36.67023359175661,9990866645833.168,2416683024507.416,-110632581275.7889,1103651787333.4724,-2147107357636.8276,59719031.70120641,1487,111564164.69475517,2590,224491187.92792434,4816,416217358.1539719,8655,996295201.5030168,20227,6226490391173.689,1009.5335998535156,227435.8212162042,3750660.8350668103,,,0,595208,33759174885.999527,13.492633854397068,33.05781992464781,77.1267687116366,44.5291606773894,100408874956863.58,4536450940817.99,264207135856.1691,328085802404.0566,-4516850831505.508,217401172.9312042,3833,623957814.6141866,11001,1730247894.9750366,30506,3057569118.2821174,53908,5958822652.7921505,105060,111512581599996.17,-227521822662209.28,-109782750671039.42,0.980236359705623,1.0349694865619234,39209746815.487274,1707510767.517988,0.023573333024367274,1.9181530034851952,5.639837142925864,0.0,0.0,1.9253759223063596e-16,0.0,-0.03277928517387026,-0.13219217835249608,0.06835959993797806,0.06908424134237837,-0.06779110079170757,-0.051213433925222436,-0.00526011610290702
../SIMULATIONS/ICs/DG001/output/snapshot_027.hdf5,27,0.5255633187875,0.14037824704354196,1.8239796741959229,-0.10987537707494655,1.1923139136842702,3.5189437309844807,0.36608533239011115,1.6299604921960493,2.0,39798,15966,497386915.8106936,1.6286762238605863,6.98577453902317,67.2452047421526,38.8240370595933,1124571314561.7505,37951572177.71957,9409770767.653362,3935085330.9438815,-36555343635.35739,116171623.62767886,3729,186915210.40864244,6069,275447699.78021574,8993,329260313.21721894,10731,404694864.58619034,13071,99416,4953185013.677057,9.580340059614386,31.537816443119507,63.14052749769156,36.45420054756719,9873496265156.736,2419819139140.3496,-103451263169.28502,1099064060442.094,-2153341750243.8293,59561080.08376759,1483,111430362.94242847,2586,224707918.04607868,4818,417912127.8912135,8678,992646370.4869093,20151,6224326781883.435,1012.5819091796875,228406.33391751908,3724187.263287604,,,0,595208,33759174885.999527,13.534706706562554,33.39279845819817,76.76278964584267,44.31901726577389,99463405753898.27,4534677572927.822,238015162768.32126,317645814160.8879,-4517272474563.9375,222846127.95374414,3929,626793728.6884263,11051,1749702265.52432,30849,3065736550.8159275,54052,5970052872.526139,105258,110461473333616.75,-226428738474899.3,-109742938359399.12,0.9756842181573336,1.0306624583207256,39209746815.487274,1719854061.6220725,0.023630490542908937,2.0090586726840454,4.368815418573111,0.0,0.0,1.9253759223063596e-16,0.0,-0.028887670595868328,-0.13332925261230566,0.0716909684456264,0.07470449509951498,-0.07219041026527333,-0.05516181171607698,-0.0048955622109957695
../SIMULATIONS/ICs/DG001/output/snapshot_028.hdf5,28,0.5500081243125,0.08314800926550261,1.9034844059695488,-0.1348401830455997,-1.6999430655119376,1.8758582371582564,0.20118401306243178,1.6178028118520984,2.0,39407,15966,497386915.8106936,1.6199623264310377,6.926652760066442,67.02430214206765,38.696498883969575,1117194946435.8647,38017982748.44051,9329635483.713505,3984422788.744433,-36639449900.92358,111460587.7410213,3584,188964331.32113087,6131,274927085.6725161,8983,329990353.6947113,10733,404656504.18013865,13063,99416,4953185013.677056,9.580490498873804,32.343397319246456,62.28041829900249,35.957616270171584,9606332092111.793,2423007135971.832,-89074784683.93466,1065295188066.6064,-2174436806620.5242,59179138.62049318,1479,111798692.25543371,2593,225784440.0332942,4839,416543889.903096,8650,997282027.2969329,20230,6211019687015.476,1012.2784118652344,230218.02917355672,3725972.055690363,,,0,595208,33759174885.999527,13.590326760312646,33.93536179113799,76.24429638081095,44.019665039634816,98124295019256.69,4613703866884.896,227887142220.71497,351642504853.99536,-4594635825666.614,217514609.4941738,3835,615109762.7025592,10845,1726164178.7081318,30434,3082695316.97988,54351,5991946129.179269,105644,108847822057804.34,-224971604938698.3,-109912763193878.5,0.9676583148123417,1.0228743469752262,39209746815.487274,1696061196.6499074,0.023604946140324434,2.0924593542180068,3.513365275822322,0.0,0.0,0.0,0.0,-0.034083407542858976,-0.13331564335578816,0.07609501727806484,0.07117405723110835,-0.07845728808105827,-0.062301399419527864,-0.006450616459339802
../SIMULATIONS/ICs/DG001/output/snapshot_029.hdf5,29,0.56834172845625,0.018212447131536184,1.949704311795708,-0.13460528235965324,-1.8267455168155509,1.7465131225024229,-0.49901666647533033,1.6352423022031588,2.0,38884,15966,497386915.8106936,1.6347670022234653,7.002708867782362,66.79564529882775,38.56448379397296,1109585213431.093,37962638653.15797,9311236072.99799,4093853896.3741593,-36574624763.32855,113195208.20279649,3627,186102696.47638234,6051,275167338.70243114,8967,331228222.8364438,10753,406431300.1447317,13110,99416,4953185013.677058,9.595191429621213,32.96215280557016,61.869411025970095,35.720321110447436,9479960287163.215,2424365537202.944,-87328977700.74892,1066223000273.3146,-2175566689697.016,58998947.72937842,1477,112102979.71956608,2595,228188365.70877466,4886,416642966.7884585,8655,1000292007.609005,20287,6200139839806.035,1013.6731567382812,229806.74657446798,3686112.9046883434,,,0,595208,33759174885.999527,13.64076719627271,34.32491202458684,75.83330149791803,43.78237703336103,97069268232074.14,4617207499884.535,244582245521.2822,361938899412.4071,-4596497020042.317,213317456.66429925,3761,610118553.9318976,10757,1696273644.3656468,29907,3067835127.2308645,54089,5986614610.719698,105550,107658813732668.45,-223826861583133.22,-109967908010658.73,0.9619829628239869,1.0173841760291606,39209746815.48728,1684679951.7338693,0.024009963028174583,2.143014727777781,3.849057231332407,1.9457903074845925e-16,0.0,3.850751844612719e-16,0.0,-0.025255991151417873,-0.13198574623743214,0.08008893904045153,0.06751969201343272,-0.08342486410896524,-0.06733439846608416,-0.006955567233301376
../SIMULATIONS/ICs/DG001/output/snapshot_030.hdf5,30,0.5866753326,-0.028855114031707152,1.983164837258016,-0.15619656807267893,-2.3345014213636963,1.4813946814796832,-0.40270432064587575,1.6563901485838115,2.0,38928,15966,497386915.8106936,1.6594246442258582,7.020925901654096,66.5283742339633,38.410174772726876,1100723357130.1616,37936090362.61526,9287484676.11416,4118711392.0347705,-36550318697.11368,111830551.66043232,3589,186020956.85196218,6027,271717039.89552045,8849,331512176.8412155,10755,406876070.1215979,13119,99416,4953185013.677058,9.611493271713233,33.55176833802341,61.459243215182795,35.48351061447647,9354680755306.871,2423461200658.058,-87188779877.03813,1056646111133.7042,-2179234109402.7898,58982653.627026595,1473,111720642.08039954,2587,228893220.59882033,4903,414389777.4292782,8617,1002509056.1657634,20327,6188479840307.358,1016.3146362304688,230158.26627670322,3653922.9040499777,,,0,595208,33759174885.999527,13.676800078987283,34.725785261522,75.50737188877254,43.59420148578401,96236658839890.84,4630908871044.487,240884400876.76605,370045219913.4758,-4609811082089.151,221825198.8870179,3911,603936261.2500553,10648,1703363429.5512457,30032,3066530606.7567143,54066,5964721354.066568,105164,106692062952327.88,-222852487189043.66,-109971944396408.42,0.957512875876696,1.0130516757201793,39209746815.48728,1733035428.6252713,0.024210233803176103,2.1823177343947244,3.965384527196987,1.9457903074845925e-16,0.0,3.850751844612719e-16,0.0,-0.010553658169729618,-0.13051102513340326,0.08294205701407882,0.0632481991103886,-0.08736428082817059,-0.07130612724074731,-0.006992527662718248
../SIMULATIONS/ICs/DG001/output/snapshot_031.hdf5,31,0.60500893674375,-0.10547343513116442,1.9964466754627792,-0.17903668689229404,-3.126738464464026,2.1249984513556783,-0.6913917174389819,1.6446309665491703,2.0,39299,15966,497386915.8106936,1.641914169970773,6.982998635794538,66.89081213800165,38.61942839418794,1112749220324.9607,37941683791.36269,9285095509.374147,4171876690.6588955,-36550701979.353165,113055332.70274282,3632,188677756.36749685,6122,272702142.02303576,8885,331662062.8163491,10773,405345038.5958967,13077,99416,4953185013.677057,9.62797829473476,34.09137694831148,61.01319416046636,35.22598407266416,9219387689277.219,2416657509111.9316,-94336692340.98878,1047735412748.2954,-2175680263664.311,58646020.64548308,1468,111784524.76997337,2585,228082200.22170645,4894,418716895.3717446,8695,1002297956.813436,20327,6173866198456.814,1017.9868774414062,228424.73299533594,3628268.7506172806,,,0,595208,33759174885.999527,13.75423896027059,35.12642799068455,75.15667744023878,43.391727951519734,95344791306881.02,4648962355697.125,255897789582.70828,383499622061.9361,-4626045324664.901,211332316.81233156,3726,602858613.9018444,10629,1724859658.2339816,30411,3061709552.8305073,53981,5944189336.169075,104802,105676928216483.19,-221879159673046.06,-110028365258106.06,0.952562902908099,1.0082136112265767,39209746815.487274,1727369130.7696028,0.023867091608037592,2.2067055857223985,4.9942994320122125,0.0,0.0,1.9253759223063596e-16,0.0,-0.02099443037092212,-0.1290197328479658,0.08907374139240475,0.06904063659582757,-0.09160302298328954,-0.07574132137635611,-0.0075091629413400135
../SIMULATIONS/ICs/DG001/output/snapshot_032.hdf5,32,0.6233425408875001,-0.19596777459921502,2.0354090228651374,-0.20402548931164974,-4.108741701123817,2.1289760723953384,-1.5115667302193945,1.625815005874638,2.0,39688,15966,497386915.8106936,1.6273586263321693,6.920185711967248,66.98611963999953,38.674454206122206,1115922418518.2605,37991978799.663895,9245664662.473179,4294535032.1674547,-36598703623.498634,112793493.3379038,3616,188937091.61716288,6122,274793054.4683186,8970,329779012.69987345,10723,405054320.8745694,13071,99416,4953185013.677057,9.661312913056902,34.65414376641327,60.69096176682165,35.03994311345177,9122263107736.95,2417269248431.5254,-92246135542.72955,1042056333848.9814,-2179174124978.3975,60549121.66973737,1510,113402495.07611588,2616,230360847.7814123,4937,422106514.70213634,8758,1003495535.0397468,20352,6165693748199.66,1017.9193115234375,226509.89194517024,3665837.5756815076,,,0,595208,33759174885.999527,13.819982187928632,35.55542241603228,74.8888724229412,43.23711065269265,94666519670466.86,4676505627885.44,278662279272.99207,399518805297.8163,-4651068366081.925,225908915.15392286,3983,631161036.3627551,11128,1742442325.4942667,30721,3056321316.089452,53886,5918722827.782403,104353,104904705196722.06,-221032863143212.0,-109962464198290.28,0.9492226966154985,1.0050125340226606,39209746815.487274,1722126229.085461,0.023586245556467916,2.261550744821048,6.108623834469396,0.0,0.0,1.9253759223063596e-16,0.0,-0.02967329955409377,-0.126004167805873,0.09427935277690762,0.07056382923397292,-0.09483990460749997,-0.07867584175350556,-0.006905719261556237
../SIMULATIONS/ICs/DG001/output/snapshot_033.hdf5,33,0.6477873464125,-0.29895129288629885,2.08967990993637,-0.2707384662401012,-5.34686670986028,2.7452311990070335,-0.6850733588971585,1.5946673587178286,2.0,39437,15966,497386915.8106936,1.5921500928710335,6.9637838450696545,67.26141745418548,38.83339747324978,1125113644646.067,37994272957.27485,9104315300.623087,4468594380.640995,-36615678127.272896,111527719.14225923,3576,190840412.6857022,6200,275721717.0437798,8997,328730677.3722776,10693,405233003.1345264,13071,99416,4953185013.677056,9.724540942093848,35.41714165897356,60.244602153294885,34.78223727042671,8988574782877.684,2408522473535.4263,-104874979876.82565,1019373939464.4132,-2179646419872.2336,59976277.84154247,1494,112891137.4667041,2603,231898541.20801103,4971,425908682.2207792,8825,1005198563.9006488,20397,6134304608126.822,1022.0114135742188,224056.25713872723,3633510.641520843,,,0,595208,33759174885.999527,13.866588773400775,36.06405949429645,74.39324769151143,42.95096158058463,93417634262267.17,4712221140955.18,265004933197.76498,422358259248.33405,-4685767169577.518,219443031.06465667,3869,611252919.5615934,10777,1726050742.145162,30432,3054449612.800454,53853,5865464361.468184,103414,103531322689790.92,-219524264536004.5,-109858637238086.75,0.9432335228054992,0.9991207808367929,39209746815.487274,1650872694.0776343,0.023312326579343387,2.341819636597627,7.00170902443167,0.0,0.0,0.0,0.0,-0.05066669311104036,-0.12028434128193788,0.09796970660602798,0.07496360464593256,-0.10083037708579075,-0.08407698289434154,-0.005954995204900337
../SIMULATIONS/ICs/DG001/output/snapshot_034.hdf5,34,0.66612095055625,-0.4123290170697447,2.1610000299560577,-0.306535626748245,-5.42507439241452,2.794551243971032,-2.409595286440979,1.6204438141279516,2.0,38534,15966,497386915.8106936,1.6200855537729657,6.98151419458113,66.57414786484887,38.436602190840446,1102238543339.5796,37956490518.235504,9125884878.310318,4585762976.806534,-36556588675.220764,112217905.5550987,3608,186739830.83658642,6063,274197301.24165654,8937,329605787.52863514,10719,403703342.31624836,13025,99416,4953185013.677057,9.765243484366573,35.97347922218288,60.01570356932125,34.65008261135241,8920400596404.986,2412318019355.5723,-98005446533.16003,1030867458205.459,-2178757775102.6943,59084104.800604105,1476,112872078.8847204,2600,228790301.76568452,4910,424077821.8036212,8793,1005033671.1151432,20392,6104690219336.442,1019.1442565917969,223062.38861347083,3608797.1238885075,,,0,595208,33759174885.999527,13.908362974261019,36.478445700838726,74.00474541322787,42.72665968563683,92444476109372.11,4715228916307.354,313482990613.94403,423205485667.1259,-4685723985114.574,212353245.8790578,3744,610175272.2133825,10758,1678747695.3868463,29598,3004594243.3753223,52974,5803357843.242338,102319,102467115249116.67,-218334917382106.34,-109763111913653.23,0.9386232534651315,0.9945436741887912,39209746815.487274,1669979632.9953644,0.023791276135348597,2.4414936223919166,7.832766391064453,0.0,0.0,1.9253759223063596e-16,0.0,-0.03400993217107368,-0.11660224831732735,0.10127742761887049,0.0639797475837463,-0.10552609152097873,-0.08827294939915284,-0.00508028767440178
../SIMULATIONS/ICs/DG001/output/snapshot_035.hdf5,35,0.6844545547,-0.5113575773583803,2.2142983682933464,-0.3739476762491748,-4.44540131851603,4.214675604653278,-1.5111240298002617,1.6658339878290591,2.0,38172,15966,497386915.8106936,1.662028455819118,6.966575069115409,66.08470727246505,38.15402353307532,1086091218165.209,37897193707.34687,9110992091.028685,4672257197.946061,-36487766808.69392,111063432.74946085,3557,186241029.72921717,6038,271526037.9909523,8853,329201238.48725784,10701,402583435.9470082,12987,99416,4953185013.677056,9.814185616230557,36.52801186220492,59.55716454584645,34.38534498271528,8784611936329.808,2396134170097.29,-117629338862.63026,1029580293654.9534,-2160459839632.2827,58849300.50569892,1474,111969364.21129066,2582,227290058.54330355,4878,416896778.60858864,8660,1000706225.7750477,20304,6076322527672.551,1019.3623046875,220988.08585724328,3607369.4354854524,,,0,595208,33759174885.999527,13.975994932417498,36.861588370661686,73.58189425836964,42.4825264575523,91391068640159.48,4696853842409.311,312923983786.7121,418082366890.511,-4667731968721.1455,211218880.249362,3724,599171925.605333,10564,1663150167.9785287,29323,2969202035.728813,52350,5812773077.968814,102485,101261771794654.5,-217257579588742.03,-109919485266414.98,0.9321817170783001,0.9881182928164146,39209746815.487274,1694414832.7763743,0.02454224070168696,2.5283417764085128,7.484698909099113,0.0,0.0,0.0,0.0,-0.009001112915727989,-0.11217477353695796,0.10663259048320116,0.0561575689356778,-0.11063697087174117,-0.0941632829859617,-0.006512169220380804
../SIMULATIONS/ICs/DG001/output/snapshot_036.hdf5,36,0.70278815884375,-0.6116290792808323,2.333155527900482,-0.39447310266792235,-4.3493362945936,5.4737897788587,-1.5176166980191383,1.653825975806442,2.0,38539,15966,497386915.8106936,1.6499971420546784,7.019222886338556,65.83221146940996,38.00824501321221,1077807619997.6252,37891912342.100464,9169678214.321661,4733865537.129166,-36459628899.14818,111610652.43300071,3578,187134985.39341342,6082,270296498.1619971,8808,327458868.4905666,10637,401009381.8578752,12930,99416,4953185013.677058,9.839743133171526,37.01005720791918,59.19820856843755,34.17810165253103,8679039872230.016,2384928085752.7266,-129676665540.53027,1027723706951.5769,-2148220174655.3271,59084650.19956566,1479,112338486.65824553,2593,227468032.8980594,4881,415510897.86025834,8631,996635437.9503173,20223,6054200333098.369,1021.4782409667969,216154.6035495121,3613804.4379185885,,,0,595208,33759174885.999527,13.985016715741095,37.23682652956403,73.35993287860423,42.35437699519503,90840533963317.28,4703580362935.297,333302693124.23395,417395748956.4812,-4673152932881.582,217968355.74605212,3843,599795826.7016656,10575,1685327016.039082,29714,2980829283.433195,52555,5746752998.320517,101321,100597381455544.92,-216558929424336.66,-109907347635693.36,0.9290531840266837,0.9849659127162078,39209746815.48728,1711813717.8442795,0.024152547093743423,2.673027835080032,8.292868594337738,1.9457903074845925e-16,0.0,3.850751844612719e-16,0.0,-0.01617488813538584,-0.10986275202511457,0.10734694387975345,0.052122212428435774,-0.11331975373629355,-0.09705316131481301,-0.0064010272058671
../SIMULATIONS/ICs/DG001/output/snapshot_037.hdf5,37,0.7211217629875,-0.7060361141541833,2.438005261126261,-0.42282265979980926,-4.232341504665849,6.219222743227057,-1.801985498979109,1.641326102200794,2.0,38530,15966,497386915.8106936,1.637791015684223,7.078067558747003,65.91753266431827,38.05750522806011,1080603194497.9521,37893999655.22441,9117312318.622297,4759293221.221187,-36471618472.30369,110380273.44966394,3549,187462964.25433683,6072,272433013.80167395,8875,326367711.5739938,10602,401973298.63531196,12963,99416,4953185013.677057,9.877499883031858,37.44751586633129,58.914675788566186,34.01440392574822,8596101576728.547,2378510326906.3276,-134839348210.44466,1028338153139.9082,-2140479004375.196,58348409.66599586,1462,112619048.9731016,2597,228303493.18496698,4895,413954912.73533475,8595,989910698.2584271,20087,6037481998912.893,1022.9923706054688,212450.1952494029,3610216.5176998824,,,0,595208,33759174885.999527,14.00257112919534,37.61393429979228,73.08393681162367,42.19503059162853,90158295944711.69,4711521273430.178,353708886770.50323,414321547389.45746,-4679920981039.477,207645628.51582015,3661,598945052.4793937,10560,1681243299.7721772,29642,2993250587.0783644,52774,5736089961.401376,101133,99835000715938.19,-215743795068331.3,-109871312353480.23,0.9254959168982636,0.9814649147273847,39209746815.487274,1665218175.6467142,0.024216900430340735,2.8052532686470637,8.89597715476048,0.0,0.0,1.9253759223063596e-16,0.0,-0.023452896888111863,-0.10644714564613796,0.10873691905713602,0.053485805149237654,-0.11665563820395107,-0.10026262778003658,-0.006071058866032789
../SIMULATIONS/ICs/DG001/output/snapshot_038.hdf5,38,0.7455665685125,-0.8116100396858505,2.576746073005255,-0.42266053889890004,-4.523798057700607,5.61644793863266,-1.1150476716199487,1.6350997721873228,2.0,38112,15966,497386915.8106936,1.6347278794643485,7.16816639783567,66.27999793130164,38.26677464752484,1092519842208.5981,37764717204.47393,8871039263.317547,4830239174.409587,-36388835065.7254,113592788.16030383,3642,189142735.58038986,6143,274560491.79136246,8962,327779013.00278246,10650,402408725.20371336,12990,99416,4953185013.677056,9.91690196769861,38.09026600791651,58.538682832004966,33.79732429106419,8486731200996.565,2378127834726.2153,-134684316653.27333,1016959771673.9001,-2145494105315.6514,58769216.28214405,1468,112777860.01073766,2598,228625773.1850583,4895,416195991.47452396,8642,987274810.1201978,20021,6024864965797.908,1027.6033935546875,207526.53654199094,3543362.981872633,,,0,595208,33759174885.999527,13.99251556852362,38.11529785819083,72.72223664059132,41.986202900517064,89268098272457.36,4712747124962.719,325936016288.203,426951276865.94037,-4682036286095.302,210594979.15302926,3713,614939607.8581048,10842,1651579638.5556314,29119,2920310877.088923,51488,5727865810.5860815,100988,98847349315662.53,-214827362351922.62,-109955148070462.19,0.9202491547956008,0.9763394488795377,39209746815.487274,1666009426.544406,0.024143258126183925,2.9694441730147108,8.353531897872946,0.0,0.0,0.0,0.0,-0.025279318435983092,-0.10288269658125349,0.10794071018551604,0.059278679945859065,-0.12102740333704232,-0.10496129107828191,-0.0068387268473113876
../SIMULATIONS/ICs/DG001/output/snapshot_039.hdf5,39,0.76390017265625,-0.8580633654353288,2.705809810913711,-0.4167939311548956,-2.833590387760245,5.897572277345209,-1.2370710814643773,1.651115866893538,2.0,37993,15966,497386915.8106936,1.652337680165243,7.227113793288047,65.7042952022182,37.93439252191532,1073623188696.072,37733582005.882454,8714519439.353392,4863339542.209899,-36389947656.36474,109513840.02964915,3524,186322641.3229313,6054,273957909.16216356,8937,328203392.87809473,10679,402697593.30385566,13003,99416,4953185013.677057,9.943866833427617,38.596955484870186,58.23667481366501,33.6229598803782,8399388979382.702,2371129996005.784,-137101781699.33571,1028990327893.1667,-2131816001561.948,58234928.51504852,1455,112712215.0046489,2594,228885752.4683863,4904,415581278.5575108,8627,989173368.4503378,20044,6019112551099.508,1029.3712158203125,204475.9185082512,3525446.663843468,,,0,595208,33759174885.999527,14.009518334997042,38.482748843377266,72.486791999421,41.85026887355813,88691007329828.69,4676778154291.824,331371438474.7159,398697151141.8431,-4647955190822.715,209800923.21224222,3699,594747899.6495192,10486,1647042176.036848,29039,2905280532.4954534,51223,5714083268.185277,100745,98164019497907.47,-214288044965616.84,-110104912916609.88,0.9161875503942198,0.9723653231865871,39209746815.487274,1683904101.137159,0.024403714386233986,3.1043470330416265,7.771463795257731,0.0,0.0,1.9253759223063596e-16,0.0,-0.01477932197968806,-0.10044336142309132,0.10928700542952903,0.05007787056235842,-0.1238731544742445,-0.10860448744138414,-0.008210095534161698
../SIMULATIONS/ICs/DG001/output/snapshot_040.hdf5,40,0.7822337768000001,-0.9020696287132794,2.8214562668852206,-0.4211766301155856,-2.17015665712202,6.916700387817635,0.022061925732215527,1.6663496382279943,2.0,38197,15966,497386915.8106936,1.666046713782659,7.230230761499548,65.79254961110523,37.985346228643415,1076509320122.0848,37676054914.92851,8602635614.482998,4846661967.108268,-36359175488.64005,111246138.3149821,3567,185898601.29395673,6015,273761372.53440905,8915,330074174.8603287,10740,401065639.9304935,12957,99416,4953185013.677057,9.956003544291585,39.14471963571567,57.971262933766404,33.46972426007261,8323003517885.189,2358048323107.151,-153455027401.765,1022432543815.2731,-2119310062737.635,58616444.09606014,1465,112225958.98516375,2588,228997842.82003567,4905,416339963.9833188,8637,987821540.9003133,20014,6019923268091.374,1031.4929809570312,202101.11870255787,3497092.257020995,,,0,595208,33759174885.999527,13.98954456260342,38.835622901742234,72.42714642605041,41.81583248571665,88545109038653.19,4678505882548.381,323885947234.4576,406795342405.19366,-4649519624178.532,212750273.84945133,3751,595201645.9013976,10494,1660200817.3413196,29271,2976121666.0699573,52472,5731212189.193684,101047,97944621876660.47,-214033485308275.7,-110068940163523.84,0.9152270892154033,0.9714792523703487,39209746815.487274,1716641641.839942,0.024471316869446223,3.227502374910489,8.067096118743326,0.0,0.0,1.9253759223063596e-16,0.0,-0.006605191741247296,-0.09934543251766087,0.10770546310695668,0.05148834154399825,-0.12459407323206688,-0.10941677427491252,-0.00788069976184986
